0,7.0004
1,6.8080
2,6.5487
3,6.4146
4,6.3246
5,6.3059
6,6.1653
7,6.1078
8,6.0925
9,6.0692
10,6.0052
11,5.9853
12,5.9444
13,5.9197
14,5.9102
15,5.9118
16,5.9042
17,5.8967
18,5.8566
19,5.8263
20,5.8982
21,5.7836
22,5.8252
23,5.7968
24,5.8410
25,5.8492
26,5.8371
27,5.8269
28,5.7997
29,5.7978
30,5.7951
31,5.7796
32,5.7066
33,5.7298
34,5.6879
35,5.6821
36,5.7335
37,5.7020
38,5.6690
39,5.6314
40,5.5740
41,5.5980
42,5.6160
43,5.5458
44,5.5050
45,5.5094
46,5.4830
47,5.4735
48,5.4340
49,5.2873
50,5.3341
51,5.3131
52,5.3351
53,5.2349
54,5.3110
55,5.1945
56,5.1273
57,5.1872
58,5.1562
59,5.1350
60,5.0804
61,5.0702
62,5.0237
63,4.9448
64,4.9209
65,4.8592
66,4.7757
67,4.8679
68,4.8609
69,4.7826
70,4.8058
71,4.6692
72,4.8075
73,4.7207
74,4.6420
75,4.5452
76,4.5297
77,4.5261
78,4.5091
79,4.3937
80,4.5364
81,4.5786
82,4.4443
83,4.2480
84,4.3781
85,4.4594
86,4.1930
87,4.4099
88,4.2954
89,4.3073
90,4.2053
91,4.3234
92,4.1642
93,4.1737
94,4.2158
95,4.2363
96,4.1748
97,4.2040
98,4.1123
99,4.0070
100,3.9602
101,3.8205
102,3.9641
103,3.9417
104,3.9599
105,4.0600
106,3.9188
107,3.8664
108,3.8301
109,3.8743
110,3.9708
111,3.8641
112,3.6657
113,3.5919
114,3.8148
115,3.8403
116,3.7629
117,3.8088
118,3.5389
119,3.6318
120,3.7342
121,3.6464
122,3.8259
123,3.7648
124,3.7782
125,3.7631
126,3.6285
127,3.5759
128,3.7657
129,3.6099
130,3.4321
131,3.5289
132,3.5195
133,3.5526
134,3.4941
135,3.4889
136,3.6949
137,3.4626
138,3.3426
139,3.5014
140,3.4162
141,3.3666
142,3.4981
143,3.4570
144,3.4486
145,3.4476
146,3.3403
147,3.3503
148,3.2613
149,3.3982
150,3.4580
151,3.4282
152,3.3782
153,3.2977
154,3.2255
155,3.3297
156,3.2135
157,3.3320
158,3.4113
159,3.1723
160,3.2526
161,3.2527
162,3.3226
163,3.0823
164,3.3573
165,3.1239
166,3.0296
167,3.1864
168,3.1285
169,3.1795
170,3.1501
171,3.0387
172,3.2406
173,3.1470
174,3.2443
175,3.1915
176,3.0624
177,3.2053
178,3.1836
179,2.9442
180,3.0264
181,3.1150
182,2.9941
183,3.0798
184,3.1911
185,3.1423
186,3.0221
187,2.9687
188,2.8764
189,2.9221
190,2.9710
191,2.9996
192,2.9850
193,3.1070
194,3.0447
195,3.1447
196,2.7491
197,2.9831
198,3.0195
199,3.0545
200,2.9524
201,2.7694
202,2.9782
203,3.0121
204,2.9663
205,3.0297
206,2.8186
207,2.8452
208,3.1185
209,2.7994
210,2.8299
211,2.9920
212,2.8776
213,2.8064
214,2.7714
215,2.9104
216,2.9970
217,2.8971
218,2.8284
219,2.7769
220,2.8119
221,2.8465
222,2.9123
223,2.9276
224,2.8396
225,2.8987
226,2.7787
227,2.7278
228,2.8191
229,2.7067
230,2.6852
231,2.6132
232,2.6194
233,2.7456
234,2.6645
235,2.7155
236,2.7354
237,2.8383
238,2.5986
239,2.7169
240,2.6286
241,2.6388
242,2.7742
243,2.8274
244,2.7259
245,2.5458
246,2.6300
247,2.5984
248,2.8696
249,2.5799
250,2.8140
251,2.5629
252,2.8374
253,2.5620
254,2.7779
255,2.5708
256,2.6835
257,2.5300
258,2.6825
259,2.4549
260,2.6106
261,2.5546
262,2.6049
263,2.5256
264,2.5591
265,2.7213
266,2.6137
267,2.7441
268,2.6773
269,2.7507
270,2.7657
271,2.6945
272,2.6116
273,2.3597
274,2.4907
275,2.6707
276,2.6604
277,2.4391
278,2.4738
279,2.6242
280,2.4818
281,2.6663
282,2.5608
283,2.6892
284,2.6320
285,2.6285
286,2.5855
287,2.3859
288,2.4736
289,2.5887
290,2.6082
291,2.5191
292,2.5220
293,2.5022
294,2.5635
295,2.3948
296,2.6135
297,2.4788
298,2.4221
299,2.4516
300,2.4468
301,2.4172
302,2.4737
303,2.4847
304,2.5661
305,2.6586
306,2.4476
307,2.4430
308,2.5059
309,2.4325
310,2.5357
311,2.4915
312,2.4118
313,2.4894
314,2.3581
315,2.4215
316,2.3860
317,2.3964
318,2.4753
319,2.4974
320,2.3080
321,2.3257
322,2.3564
323,2.4907
324,2.3380
325,2.4905
326,2.2683
327,2.3162
328,2.4022
329,2.3254
330,2.5341
331,2.2713
332,2.3680
333,2.2349
334,2.2065
335,2.2436
336,2.2847
337,2.4166
338,2.3611
339,2.3629
340,2.3659
341,2.0901
342,2.2296
343,2.3089
344,2.3969
345,2.2827
346,2.3657
347,2.3207
348,2.5414
349,2.3319
350,2.4875
351,2.4081
352,2.3514
353,2.1567
354,2.1921
355,2.3959
356,2.5989
357,2.3487
358,2.2808
359,2.3130
360,2.2934
361,2.1134
362,2.3172
363,2.4021
364,2.3012
365,2.4084
366,2.2419
367,2.3900
368,2.1570
369,2.3289
370,2.2421
371,2.2637
372,2.2618
373,2.2143
374,2.2080
375,2.3553
376,2.2239
377,2.4196
378,2.3142
379,2.3960
380,2.1669
381,2.2774
382,2.2892
383,2.1798
384,2.1115
385,2.2756
386,2.1148
387,2.1067
388,2.1377
389,2.1831
390,2.2181
391,2.1788
392,2.1427
393,2.2868
394,2.2450
395,2.1518
396,2.2608
397,2.2180
398,2.2578
399,2.1387
400,2.0133
401,2.2537
402,2.1696
403,2.1055
404,2.2062
405,2.1799
406,2.1069
407,2.2732
408,2.2574
409,2.2122
410,2.1774
411,2.0754
412,2.1640
413,2.1972
414,2.1562
415,2.1215
416,2.2514
417,2.0949
418,2.2331
419,2.1560
420,2.1004
421,2.2341
422,2.1000
423,2.0689
424,2.1790
425,2.1933
426,2.2138
427,2.3314
428,2.1378
429,2.1739
430,2.0508
431,2.0989
432,2.1555
433,2.0725
434,2.2623
435,2.1925
436,2.2258
437,2.0155
438,2.0656
439,2.1179
440,1.9839
441,2.2435
442,2.3821
443,2.0715
444,2.1228
445,2.1624
446,2.1621
447,2.0486
448,2.2246
449,2.2242
450,1.9973
451,2.0763
452,2.0649
453,2.1679
454,2.1557
455,2.1121
456,2.0386
457,2.2214
458,2.1583
459,2.0106
460,2.1820
461,2.2447
462,2.0182
463,2.0167
464,1.9568
465,2.2689
466,2.1115
467,2.0381
468,2.0373
469,1.9762
470,2.0851
471,2.0639
472,2.1061
473,1.9349
474,2.2989
475,2.1301
476,2.1623
477,2.0386
478,2.1400
479,2.1459
480,2.1656
481,2.0291
482,2.0010
483,2.1388
484,2.1780
485,2.2939
486,2.1230
487,1.9794
488,2.2022
489,2.1102
490,2.0671
491,1.9874
492,1.9690
493,2.0216
494,1.9659
495,1.9633
496,2.0145
497,2.0240
498,1.9840
499,2.1792
500,1.9311
501,1.9993
502,2.0185
503,1.9703
504,2.0792
505,1.8849
506,2.1400
507,2.0172
508,2.1289
509,1.9341
510,1.9523
511,1.9667
512,2.0111
513,1.9714
514,1.8685
515,2.0915
516,1.9429
517,2.0183
518,1.9805
519,2.0648
520,2.0744
521,2.0466
522,1.9573
523,1.8969
524,2.0297
525,1.9897
526,2.0043
527,1.9018
528,2.0927
529,1.8615
530,1.8512
531,1.9625
532,2.0368
533,2.0266
534,2.0349
535,2.0293
536,1.8930
537,1.9945
538,2.0000
539,2.0216
540,1.9817
541,1.9807
542,1.9834
543,1.9054
544,1.9195
545,1.9981
546,1.9821
547,1.8950
548,2.0441
549,1.8117
550,1.9698
551,2.0510
552,2.1274
553,2.1825
554,1.9839
555,1.9388
556,1.9138
557,1.8425
558,1.7816
559,1.9112
560,1.9148
561,1.9767
562,1.8973
563,1.9578
564,2.0986
565,1.9640
566,2.0391
567,1.9644
568,1.8307
569,1.8762
570,1.8692
571,1.9995
572,1.8632
573,2.0180
574,1.7526
575,1.9792
576,1.9742
577,1.7953
578,1.9182
579,2.1518
580,2.0583
581,2.0289
582,1.9066
583,1.8581
584,1.9456
585,1.9469
586,1.8946
587,1.9423
588,1.9395
589,1.9584
590,1.8509
591,1.9109
592,1.8539
593,1.6991
594,1.7024
595,1.9245
596,1.9571
597,1.9169
598,2.0453
599,1.9546
600,1.8109
601,1.8166
602,2.0118
603,1.7315
604,1.9204
605,1.8058
606,1.7512
607,1.8779
608,1.8964
609,1.8244
610,1.8640
611,1.7806
612,1.8855
613,1.8556
614,2.0029
615,1.9378
616,1.9547
617,1.8711
618,1.9682
619,1.8252
620,1.8401
621,1.8898
622,1.9808
623,1.8820
624,2.0130
625,1.9232
626,1.7962
627,1.8899
628,1.9115
629,1.8136
630,1.8084
631,1.8459
632,2.1193
633,1.8628
634,1.7681
635,1.7427
636,1.6693
637,1.7694
638,1.7926
639,1.7216
640,1.9736
641,1.8967
642,1.7689
643,1.8271
644,1.8394
645,2.0181
646,1.7860
647,1.7396
648,1.6771
649,1.7725
650,1.8832
651,1.8556
652,1.7353
653,1.8413
654,1.8548
655,1.9053
656,1.7642
657,1.8867
658,1.8991
659,1.8464
660,1.8414
661,1.7852
662,1.7769
663,1.7153
664,1.8095
665,2.0293
666,1.8873
667,1.7012
668,1.7810
669,1.9300
670,1.9264
671,1.8494
672,1.8857
673,1.7029
674,1.9269
675,1.9414
676,1.7511
677,1.9707
678,1.6646
679,1.7595
680,1.9227
681,1.8288
682,1.9137
683,1.7340
684,1.7170
685,1.7755
686,1.9010
687,1.9062
688,1.9785
689,1.8157
690,1.8165
691,1.8947
692,1.7342
693,1.7674
694,1.8550
695,1.8401
696,1.9230
697,1.8254
698,1.8322
699,1.8935
700,1.8715
701,1.7176
702,1.8402
703,1.7802
704,1.8270
705,1.8060
706,1.7266
707,1.7008
708,1.7268
709,1.6327
710,1.6366
711,1.7145
712,1.8156
713,1.7968
714,1.8156
715,1.8238
716,1.7042
717,1.6816
718,1.8150
719,1.7899
720,1.8526
721,1.9017
722,1.7337
723,1.6995
724,1.8112
725,1.7436
726,1.7350
727,1.6800
728,1.7834
729,1.7010
730,1.7598
731,1.7008
732,1.7233
733,1.9461
734,1.7209
735,1.6566
736,1.8438
737,1.5381
738,1.6831
739,1.8902
740,1.7781
741,1.7183
742,1.8384
743,1.8052
744,1.5522
745,1.7426
746,1.8554
747,1.7570
748,1.8543
749,1.7102
750,1.7464
751,1.9636
752,1.5729
753,1.6454
754,1.8006
755,1.6709
756,1.7466
757,1.6872
758,1.7204
759,1.6688
760,1.7632
761,1.6781
762,1.6501
763,1.7032
764,1.6850
765,1.7583
766,1.6734
767,1.7895
768,1.6650
769,1.7824
770,1.7106
771,1.7820
772,1.6858
773,1.5654
774,1.7015
775,1.6666
776,1.7365
777,1.6166
778,1.7389
779,1.5820
780,1.5726
781,1.7395
782,1.7422
783,1.7612
784,1.7311
785,1.6858
786,1.7226
787,1.7759
788,1.8254
789,1.8677
790,1.8083
791,1.7644
792,1.7618
793,1.5460
794,1.8000
795,1.6956
796,1.7137
797,1.7031
798,1.7450
799,1.6460
800,1.7009
801,1.7351
802,1.6691
803,1.6387
804,1.5273
805,1.6752
806,1.5938
807,1.7705
808,1.7126
809,1.6871
810,1.6116
811,1.7717
812,1.6289
813,1.7863
814,1.5351
815,1.7991
816,1.6904
817,1.6027
818,1.7652
819,1.7141
820,1.7474
821,1.7793
822,1.6930
823,1.6936
824,1.6513
825,1.6813
826,1.5681
827,1.6665
828,1.7517
829,1.6904
830,1.6367
831,1.6194
832,1.8438
833,1.6760
834,1.5296
835,1.7237
836,1.5885
837,1.5720
838,1.5947
839,1.5989
840,1.7899
841,1.7096
842,1.6041
843,1.6491
844,1.7423
845,1.6288
846,1.7124
847,1.6994
848,1.7262
849,1.6344
850,1.5996
851,1.6599
852,1.5881
853,1.5756
854,1.5864
855,1.5734
856,1.6107
857,1.7732
858,1.5965
859,1.8478
860,1.6081
861,1.7024
862,1.6649
863,1.7277
864,1.6378
865,1.6420
866,1.6771
867,1.6881
868,1.7550
869,1.5891
870,1.5248
871,1.7832
872,1.4302
873,1.6685
874,1.6140
875,1.6802
876,1.8938
877,1.5526
878,1.6777
879,1.4706
880,1.6494
881,1.6355
882,1.8362
883,1.7074
884,1.6179
885,1.6605
886,1.4913
887,1.7353
888,1.6969
889,1.6965
890,1.6125
891,1.7520
892,1.6082
893,1.5556
894,1.5633
895,1.6453
896,1.6576
897,1.5610
898,1.7507
899,1.4423
900,1.5591
901,1.6073
902,1.5479
903,1.5579
904,1.7345
905,1.6727
906,1.4695
907,1.7636
908,1.5898
909,1.4975
910,1.6712
911,1.5702
912,1.5989
913,1.6036
914,1.7202
915,1.7072
916,1.7241
917,1.6277
918,1.7319
919,1.6968
920,1.6142
921,1.4274
922,1.7730
923,1.5510
924,1.5134
925,1.6199
926,1.8076
927,1.5633
928,1.6934
929,1.4725
930,1.5069
931,1.7377
932,1.6488
933,1.5983
934,1.5478
935,1.6204
936,1.4993
937,1.5996
938,1.5370
939,1.5553
940,1.5966
941,1.5311
942,1.6190
943,1.6509
944,1.4925
945,1.7104
946,1.8487
947,1.5152
948,1.6707
949,1.6935
950,1.5688
951,1.4590
952,1.5493
953,1.6853
954,1.5416
955,1.7188
956,1.4612
957,1.4912
958,1.6097
959,1.4841
960,1.5664
961,1.6569
962,1.6554
963,1.6948
964,1.5820
965,1.5567
966,1.5092
967,1.4942
968,1.3610
969,1.6566
970,1.7064
971,1.6074
972,1.5403
973,1.5324
974,1.4702
975,1.7467
976,1.5903
977,1.5114
978,1.5169
979,1.5490
980,1.4489
981,1.5737
982,1.5639
983,1.4917
984,1.6360
985,1.5665
986,1.5633
987,1.7272
988,1.6340
989,1.6512
990,1.5102
991,1.4791
992,1.5734
993,1.7135
994,1.5530
995,1.5312
996,1.4680
997,1.5608
998,1.5344
999,1.6872
1000,1.5690
1001,1.6937
1002,1.6457
1003,1.4653
1004,1.6526
1005,1.5081
1006,1.4981
1007,1.5469
1008,1.6552
1009,1.7476
1010,1.6252
1011,1.6160
1012,1.5090
1013,1.5554
1014,1.7894
1015,1.5882
1016,1.5104
1017,1.6026
1018,1.6085
1019,1.5415
1020,1.5647
1021,1.5308
1022,1.5322
1023,1.5478
1024,1.5618
1025,1.5913
1026,1.5832
1027,1.5077
1028,1.5743
1029,1.6661
1030,1.5421
1031,1.6371
1032,1.4235
1033,1.5677
1034,1.5490
1035,1.6235
1036,1.4462
1037,1.5428
1038,1.5777
1039,1.5964
1040,1.4609
1041,1.5446
1042,1.4970
1043,1.5921
1044,1.4912
1045,1.6469
1046,1.4636
1047,1.5093
1048,1.4872
1049,1.5372
1050,1.4885
1051,1.5035
1052,1.5389
1053,1.6658
1054,1.5819
1055,1.4681
1056,1.5055
1057,1.6588
1058,1.4805
1059,1.6095
1060,1.4462
1061,1.5908
1062,1.5335
1063,1.3674
1064,1.4652
1065,1.4739
1066,1.5313
1067,1.5393
1068,1.5072
1069,1.4734
1070,1.5737
1071,1.6010
1072,1.4708
1073,1.4391
1074,1.5109
1075,1.4094
1076,1.5564
1077,1.5703
1078,1.4495
1079,1.5416
1080,1.4011
1081,1.4176
1082,1.4545
1083,1.3861
1084,1.7178
1085,1.4244
1086,1.5999
1087,1.5209
1088,1.4691
1089,1.3791
1090,1.4729
1091,1.3937
1092,1.6355
1093,1.4833
1094,1.3986
1095,1.4505
1096,1.5828
1097,1.4589
1098,1.6473
1099,1.5725
1100,1.3952
1101,1.3976
1102,1.5595
1103,1.4760
1104,1.4680
1105,1.4314
1106,1.6446
1107,1.5542
1108,1.5156
1109,1.3986
1110,1.5002
1111,1.4879
1112,1.5138
1113,1.4874
1114,1.4872
1115,1.4324
1116,1.5284
1117,1.5331
1118,1.5224
1119,1.5899
1120,1.4270
1121,1.4539
1122,1.5133
1123,1.5165
1124,1.4996
1125,1.4941
1126,1.4002
1127,1.4107
1128,1.5067
1129,1.3794
1130,1.4998
1131,1.3921
1132,1.4974
1133,1.5125
1134,1.3794
1135,1.6018
1136,1.4496
1137,1.4805
1138,1.4250
1139,1.4398
1140,1.6228
1141,1.4068
1142,1.5166
1143,1.4750
1144,1.5243
1145,1.5727
1146,1.6061
1147,1.4750
1148,1.4267
1149,1.3665
1150,1.4517
1151,1.4660
1152,1.6443
1153,1.4166
1154,1.4442
1155,1.4097
1156,1.4192
1157,1.4145
1158,1.4251
1159,1.4887
1160,1.5518
1161,1.4436
1162,1.3803
1163,1.4431
1164,1.4762
1165,1.4109
1166,1.4569
1167,1.4971
1168,1.3646
1169,1.5149
1170,1.5312
1171,1.4898
1172,1.5068
1173,1.5484
1174,1.4556
1175,1.4227
1176,1.3454
1177,1.3121
1178,1.4378
1179,1.3784
1180,1.4087
1181,1.4246
1182,1.4824
1183,1.4810
1184,1.3770
1185,1.5527
1186,1.4789
1187,1.4415
1188,1.5180
1189,1.4077
1190,1.4404
1191,1.4581
1192,1.4483
1193,1.3296
1194,1.3751
1195,1.2935
1196,1.3373
1197,1.4513
1198,1.5678
1199,1.4254
1200,1.4638
1201,1.4843
1202,1.4750
1203,1.4056
1204,1.4330
1205,1.6025
1206,1.3733
1207,1.4997
1208,1.2344
1209,1.5364
1210,1.5524
1211,1.5351
1212,1.5514
1213,1.4358
1214,1.4023
1215,1.5811
1216,1.3032
1217,1.4677
1218,1.4479
1219,1.4297
1220,1.3299
1221,1.4005
1222,1.4361
1223,1.5230
1224,1.4750
1225,1.5983
1226,1.3111
1227,1.4813
1228,1.3478
1229,1.4535
1230,1.3647
1231,1.4410
1232,1.5068
1233,1.3654
1234,1.4498
1235,1.5400
1236,1.4444
1237,1.4821
1238,1.4598
1239,1.3196
1240,1.3980
1241,1.4462
1242,1.5270
1243,1.3469
1244,1.3924
1245,1.4164
1246,1.3187
1247,1.3933
1248,1.6813
1249,1.3368
1250,1.4788
1251,1.4224
1252,1.4139
1253,1.2746
1254,1.3731
1255,1.3399
1256,1.4051
1257,1.4129
1258,1.4294
1259,1.3327
1260,1.4013
1261,1.3201
1262,1.4683
1263,1.5017
1264,1.4466
1265,1.3983
1266,1.3034
1267,1.4707
1268,1.4897
1269,1.5119
1270,1.3641
1271,1.4364
1272,1.5902
1273,1.4605
1274,1.4070
1275,1.4258
1276,1.3719
1277,1.3677
1278,1.5166
1279,1.4300
1280,1.2939
1281,1.3683
1282,1.4136
1283,1.3879
1284,1.3346
1285,1.3891
1286,1.2695
1287,1.3519
1288,1.3931
1289,1.4280
1290,1.2900
1291,1.4320
1292,1.4117
1293,1.3847
1294,1.4427
1295,1.3973
1296,1.3225
1297,1.3205
1298,1.5226
1299,1.4433
1300,1.3948
1301,1.2372
1302,1.4359
1303,1.3477
1304,1.2839
1305,1.4833
1306,1.3944
1307,1.4793
1308,1.3435
1309,1.3971
1310,1.4938
1311,1.3352
1312,1.4849
1313,1.5062
1314,1.3521
1315,1.2734
1316,1.4528
1317,1.3902
1318,1.3808
1319,1.4325
1320,1.4095
1321,1.3848
1322,1.3018
1323,1.4467
1324,1.3130
1325,1.3695
1326,1.3563
1327,1.4705
1328,1.4447
1329,1.3225
1330,1.3201
1331,1.3756
1332,1.3834
1333,1.3829
1334,1.5276
1335,1.4525
1336,1.2961
1337,1.2455
1338,1.3535
1339,1.3070
1340,1.3561
1341,1.5160
1342,1.4550
1343,1.4063
1344,1.4435
1345,1.3295
1346,1.5683
1347,1.4875
1348,1.3572
1349,1.2268
1350,1.3362
1351,1.3478
1352,1.3485
1353,1.3995
1354,1.2929
1355,1.4850
1356,1.3959
1357,1.4885
1358,1.3917
1359,1.3847
1360,1.2693
1361,1.3785
1362,1.3492
1363,1.3353
1364,1.3702
1365,1.3475
1366,1.3643
1367,1.4582
1368,1.3935
1369,1.2872
1370,1.2759
1371,1.3837
1372,1.3178
1373,1.2982
1374,1.3024
1375,1.5656
1376,1.3102
1377,1.4180
1378,1.4288
1379,1.2710
1380,1.2914
1381,1.3990
1382,1.2320
1383,1.4480
1384,1.3435
1385,1.3100
1386,1.3599
1387,1.3122
1388,1.3316
1389,1.4688
1390,1.4389
1391,1.4316
1392,1.4059
1393,1.4877
1394,1.3007
1395,1.3676
1396,1.4484
1397,1.4344
1398,1.2276
1399,1.4350
1400,1.3594
1401,1.2424
1402,1.3910
1403,1.3639
1404,1.3527
1405,1.3002
1406,1.3517
1407,1.2606
1408,1.3819
1409,1.3295
1410,1.3439
1411,1.2985
1412,1.2377
1413,1.2570
1414,1.2303
1415,1.2870
1416,1.3183
1417,1.3783
1418,1.2670
1419,1.3391
1420,1.4355
1421,1.4587
1422,1.2856
1423,1.2436
1424,1.3426
1425,1.2192
1426,1.3897
1427,1.2787
1428,1.2813
1429,1.3911
1430,1.3502
1431,1.3013
1432,1.4270
1433,1.3094
1434,1.3349
1435,1.3321
1436,1.3748
1437,1.3977
1438,1.2326
1439,1.4154
1440,1.3065
1441,1.2238
1442,1.3865
1443,1.3059
1444,1.3685
1445,1.3114
1446,1.3448
1447,1.1470
1448,1.2786
1449,1.2212
1450,1.2786
1451,1.3008
1452,1.3779
1453,1.4480
1454,1.3074
1455,1.2692
1456,1.4174
1457,1.1991
1458,1.3513
1459,1.3644
1460,1.3161
1461,1.2584
1462,1.3845
1463,1.2369
1464,1.2573
1465,1.2838
1466,1.2896
1467,1.2944
1468,1.2256
1469,1.4846
1470,1.2868
1471,1.2585
1472,1.3286
1473,1.3472
1474,1.3379
1475,1.3477
1476,1.3948
1477,1.4007
1478,1.2724
1479,1.2889
1480,1.3206
1481,1.4223
1482,1.3119
1483,1.2438
1484,1.2590
1485,1.2061
1486,1.2362
1487,1.3533
1488,1.3497
1489,1.3599
1490,1.3447
1491,1.1526
1492,1.3608
1493,1.1960
1494,1.2841
1495,1.2920
1496,1.4441
1497,1.2873
1498,1.2735
1499,1.3028
1500,1.3978
1501,1.2769
1502,1.3622
1503,1.3233
1504,1.2406
1505,1.3532
1506,1.3918
1507,1.4065
1508,1.3044
1509,1.3175
1510,1.3198
1511,1.4041
1512,1.2523
1513,1.1710
1514,1.2618
1515,1.2755
1516,1.2618
1517,1.1807
1518,1.2246
1519,1.1567
1520,1.2739
1521,1.1471
1522,1.2952
1523,1.2228
1524,1.2140
1525,1.2704
1526,1.3393
1527,1.2062
1528,1.4775
1529,1.2442
1530,1.2477
1531,1.3563
1532,1.2593
1533,1.2989
1534,1.2380
1535,1.2341
1536,1.2125
1537,1.2510
1538,1.4121
1539,1.2505
1540,1.3381
1541,1.4254
1542,1.2079
1543,1.3541
1544,1.3401
1545,1.4008
1546,1.1770
1547,1.2457
1548,1.2342
1549,1.2060
1550,1.3187
1551,1.2714
1552,1.3234
1553,1.4136
1554,1.3732
1555,1.3626
1556,1.2717
1557,1.2042
1558,1.2157
1559,1.2289
1560,1.2336
1561,1.2394
1562,1.3585
1563,1.2518
1564,1.2891
1565,1.2047
1566,1.3160
1567,1.2120
1568,1.4295
1569,1.2231
1570,1.3017
1571,1.2755
1572,1.1723
1573,1.3020
1574,1.2054
1575,1.2158
1576,1.2726
1577,1.3132
1578,1.1751
1579,1.3617
1580,1.2590
1581,1.3399
1582,1.1951
1583,1.1315
1584,1.1229
1585,1.3170
1586,1.2396
1587,1.3120
1588,1.2262
1589,1.2497
1590,1.3208
1591,1.3517
1592,1.2818
1593,1.1458
1594,1.3204
1595,1.2858
1596,1.2651
1597,1.2542
1598,1.3324
1599,1.1362
1600,1.2180
1601,1.3436
1602,1.1425
1603,1.2797
1604,1.4034
1605,1.1584
1606,1.2801
1607,1.2536
1608,1.1901
1609,1.2747
1610,1.2630
1611,1.2586
1612,1.2771
1613,1.2744
1614,1.2954
1615,1.1916
1616,1.1865
1617,1.2487
1618,1.2690
1619,1.2469
1620,1.2895
1621,1.2251
1622,1.3049
1623,1.3276
1624,1.3884
1625,1.2436
1626,1.2106
1627,1.3590
1628,1.3798
1629,1.2860
1630,1.4199
1631,1.1839
1632,1.2800
1633,1.2131
1634,1.2968
1635,1.1650
1636,1.1757
1637,1.3005
1638,1.2812
1639,1.2473
1640,1.3159
1641,1.2856
1642,1.2303
1643,1.1825
1644,1.2406
1645,1.4052
1646,1.1085
1647,1.1181
1648,1.2982
1649,1.3354
1650,1.3265
1651,1.3465
1652,1.1423
1653,1.1936
1654,1.1760
1655,1.4347
1656,1.1601
1657,1.2103
1658,1.2736
1659,1.2693
1660,1.2771
1661,1.2432
1662,1.2161
1663,1.2417
1664,1.3444
1665,1.1656
1666,1.2160
1667,1.2772
1668,1.1003
1669,1.1579
1670,1.3010
1671,1.2250
1672,1.3456
1673,1.2250
1674,1.2540
1675,1.3225
1676,1.2199
1677,1.2357
1678,1.2540
1679,1.2426
1680,1.2664
1681,1.2382
1682,1.3944
1683,1.3445
1684,1.2513
1685,1.3949
1686,1.1643
1687,1.1208
1688,1.3148
1689,1.2508
1690,1.2606
1691,1.2815
1692,1.1891
1693,1.2704
1694,1.2085
1695,1.2319
1696,1.2660
1697,1.2958
1698,1.3064
1699,1.3447
1700,1.3425
1701,1.2554
1702,1.3085
1703,1.2313
1704,1.1417
1705,1.2038
1706,1.4271
1707,1.2789
1708,1.2348
1709,1.1579
1710,1.2361
1711,1.2249
1712,1.3460
1713,1.1776
1714,1.2828
1715,1.2247
1716,1.2913
1717,1.1087
1718,1.2477
1719,1.2658
1720,1.2773
1721,1.2257
1722,1.1930
1723,1.2534
1724,1.1047
1725,1.2668
1726,1.2905
1727,1.1450
1728,1.2359
1729,1.1203
1730,1.3443
1731,1.0674
1732,1.3321
1733,1.2406
1734,1.2114
1735,1.2255
1736,1.2160
1737,1.3309
1738,1.2065
1739,1.3096
1740,1.2176
1741,1.2418
1742,1.2632
1743,1.1245
1744,1.2940
1745,1.2290
1746,1.1972
1747,1.1523
1748,1.1911
1749,1.2165
1750,1.1945
1751,1.2487
1752,1.3655
1753,1.2148
1754,1.2728
1755,1.2179
1756,1.1874
1757,1.3593
1758,1.2252
1759,1.2090
1760,1.3082
1761,1.1289
1762,1.1096
1763,1.1555
1764,1.1873
1765,1.2909
1766,1.1935
1767,1.2813
1768,1.1602
1769,1.2021
1770,1.1367
1771,1.1870
1772,1.1730
1773,1.2297
1774,1.1044
1775,1.0642
1776,1.2464
1777,1.1394
1778,1.2969
1779,1.2143
1780,1.1277
1781,1.2309
1782,1.1129
1783,1.1299
1784,1.2415
1785,1.2431
1786,1.2942
1787,1.2730
1788,1.1506
1789,1.1899
1790,1.2158
1791,1.2495
1792,1.1936
1793,1.3430
1794,1.1713
1795,1.0765
1796,1.1580
1797,1.1525
1798,1.2321
1799,1.1396
1800,1.2288
1801,1.1930
1802,1.2959
1803,1.2244
1804,1.3270
1805,1.1603
1806,1.1291
1807,1.1179
1808,1.2706
1809,1.1610
1810,1.3202
1811,1.2443
1812,1.0626
1813,1.1826
1814,1.1807
1815,1.2577
1816,1.1317
1817,1.1133
1818,1.1578
1819,1.2260
1820,1.0830
1821,1.1202
1822,1.1792
1823,1.2729
1824,1.1789
1825,1.2060
1826,1.1811
1827,1.1947
1828,1.2841
1829,1.2062
1830,1.2930
1831,1.1096
1832,1.2345
1833,1.2226
1834,1.2325
1835,1.2068
1836,1.1694
1837,1.3013
1838,1.1040
1839,1.1012
1840,1.3388
1841,1.1560
1842,1.1929
1843,1.2283
1844,1.0464
1845,1.0815
1846,1.0862
1847,1.1655
1848,1.2025
1849,1.0987
1850,1.1236
1851,1.1818
1852,1.2105
1853,1.4177
1854,1.2375
1855,1.2033
1856,1.3391
1857,1.1002
1858,1.2410
1859,1.3410
1860,1.1016
1861,1.1290
1862,1.2120
1863,1.0787
1864,1.2345
1865,1.2878
1866,1.1098
1867,1.1758
1868,1.2233
1869,1.2451
1870,1.1804
1871,1.2121
1872,1.1969
1873,1.2082
1874,1.2231
1875,1.2651
1876,1.1196
1877,1.1069
1878,1.0983
1879,1.1322
1880,1.1421
1881,1.1764
1882,1.1457
1883,1.3073
1884,1.1640
1885,1.1916
1886,1.1421
1887,1.1464
1888,1.1670
1889,1.0897
1890,1.2077
1891,1.1776
1892,1.2273
1893,1.1444
1894,1.2963
1895,1.0808
1896,1.2758
1897,1.1684
1898,1.2952
1899,1.2675
1900,1.2567
1901,1.2431
1902,1.1414
1903,1.2128
1904,1.0099
1905,1.1791
1906,1.2291
1907,1.2583
1908,1.1088
1909,1.0307
1910,1.0854
1911,1.2345
1912,1.1075
1913,1.0567
1914,1.3388
1915,1.0906
1916,1.2012
1917,1.1901
1918,1.1506
1919,1.1091
1920,1.1879
1921,1.1736
1922,1.3158
1923,1.2882
1924,1.1599
1925,1.0257
1926,1.0622
1927,1.2258
1928,1.3093
1929,1.1868
1930,1.0758
1931,1.2148
1932,1.0265
1933,1.1308
1934,1.1254
1935,1.2404
1936,1.0878
1937,1.0954
1938,1.0546
1939,1.3158
1940,1.2882
1941,1.0884
1942,1.1243
1943,1.1603
1944,1.1022
1945,1.1447
1946,1.1857
1947,1.1738
1948,1.0887
1949,1.1450
1950,1.1083
1951,1.0655
1952,1.1066
1953,1.1415
1954,1.0635
1955,1.1017
1956,1.1756
1957,1.0891
1958,1.0824
1959,1.1004
1960,1.3015
1961,1.1958
1962,1.1515
1963,1.1563
1964,1.2640
1965,1.2120
1966,1.1521
1967,1.1972
1968,1.1545
1969,1.0674
1970,1.1586
1971,1.1969
1972,1.1834
1973,1.1370
1974,1.0316
1975,1.0693
1976,1.2501
1977,1.0517
1978,1.1419
1979,1.1696
1980,1.1280
1981,1.2378
1982,1.0862
1983,1.1698
1984,1.2914
1985,1.1415
1986,1.1253
1987,1.0566
1988,1.1938
1989,1.1103
1990,1.0815
1991,1.1342
1992,1.0383
1993,1.0298
1994,1.0886
1995,0.9866
1996,1.1497
1997,1.0936
1998,1.0410
1999,1.0813
2000,1.1023
2001,1.1218
2002,1.1347
2003,1.2033
2004,1.2627
2005,1.2012
2006,1.0906
2007,1.1110
2008,1.0486
2009,1.2215
2010,1.1988
2011,1.1072
2012,0.9344
2013,1.2143
2014,1.2230
2015,1.1545
2016,1.1816
2017,1.0949
2018,1.1056
2019,1.1998
2020,1.0925
2021,1.1689
2022,1.1099
2023,1.0412
2024,1.1656
2025,1.0381
2026,1.2037
2027,1.1109
2028,1.1333
2029,1.0993
2030,1.0774
2031,1.0414
2032,1.0336
2033,1.1033
2034,1.2276
2035,1.0444
2036,1.0428
2037,1.1422
2038,1.0511
2039,1.2030
2040,1.0612
2041,1.1988
2042,1.2308
2043,1.2145
2044,1.1344
2045,1.2032
2046,1.1496
2047,1.0027
2048,1.0958
2049,1.1633
2050,1.2223
2051,1.0994
2052,1.2009
2053,1.0806
2054,1.0513
2055,1.1273
2056,1.1616
2057,1.1999
2058,1.1304
2059,0.9690
2060,1.1320
2061,1.0218
2062,1.1383
2063,1.1399
2064,1.1457
2065,1.0759
2066,1.1942
2067,1.2013
2068,1.1127
2069,1.1109
2070,1.0803
2071,1.0387
2072,1.1334
2073,1.1244
2074,1.1536
2075,1.1537
2076,1.1137
2077,1.1120
2078,1.1108
2079,1.1456
2080,1.0776
2081,1.0474
2082,1.0779
2083,1.0572
2084,1.1366
2085,1.1767
2086,1.0416
2087,1.0734
2088,1.0622
2089,1.0837
2090,1.1311
2091,1.0980
2092,1.1983
2093,1.0885
2094,1.1310
2095,1.0877
2096,1.0399
2097,1.2256
2098,1.0707
2099,1.0774
2100,1.0299
2101,1.0606
2102,1.1286
2103,1.0990
2104,1.2581
2105,1.0677
2106,1.0630
2107,1.0627
2108,1.2054
2109,1.0322
2110,1.0838
2111,1.0865
2112,1.1524
2113,0.9848
2114,1.1363
2115,1.0869
2116,1.0867
2117,1.2350
2118,1.0876
2119,1.2638
2120,1.1161
2121,1.0964
2122,1.1920
2123,1.1085
2124,1.0095
2125,1.2348
2126,1.0210
2127,1.0188
2128,1.0876
2129,1.0680
2130,1.1219
2131,1.1203
2132,0.9905
2133,1.0348
2134,1.0946
2135,1.1411
2136,1.0312
2137,1.0992
2138,0.9798
2139,1.0654
2140,1.0492
2141,1.1962
2142,1.0746
2143,1.0605
2144,1.1354
2145,1.0754
2146,1.2083
2147,1.0351
2148,1.1964
2149,1.1033
2150,0.9798
2151,1.2358
2152,1.1381
2153,0.9837
2154,1.0185
2155,1.1346
2156,1.0913
2157,1.0864
2158,1.2199
2159,1.1190
2160,1.0513
2161,1.1946
2162,1.1535
2163,1.1238
2164,1.0962
2165,1.1604
2166,1.1438
2167,1.0475
2168,1.0075
2169,1.0605
2170,1.1590
2171,1.2021
2172,1.1615
2173,1.1354
2174,1.0858
2175,1.1461
2176,1.0526
2177,1.0829
2178,1.0538
2179,1.1015
2180,1.0710
2181,1.1222
2182,1.0350
2183,0.9715
2184,0.9614
2185,1.1237
2186,1.0285
2187,1.0788
2188,1.0987
2189,1.0544
2190,1.1771
2191,1.1634
2192,1.1351
2193,1.1148
2194,1.0690
2195,1.0086
2196,1.1235
2197,1.0813
2198,1.1821
2199,1.0460
2200,1.0432
2201,0.9709
2202,1.1152
2203,1.0608
2204,1.1771
2205,1.1135
2206,1.1926
2207,1.1197
2208,1.0609
2209,1.2057
2210,1.0488
2211,1.0476
2212,1.1872
2213,1.0285
2214,1.0896
2215,1.2902
2216,1.0268
2217,1.1589
2218,1.0225
2219,1.0672
2220,0.9868
2221,1.0731
2222,1.0569
2223,1.1073
2224,1.1071
2225,1.0612
2226,1.0334
2227,1.0450
2228,1.0154
2229,1.0357
2230,1.1281
2231,1.0588
2232,1.1244
2233,0.9642
2234,1.1875
2235,1.0487
2236,1.1044
2237,0.9602
2238,1.1562
2239,1.0663
2240,1.0956
2241,1.1905
2242,1.0652
2243,1.0034
2244,1.1624
2245,0.9972
2246,0.9664
2247,1.1147
2248,0.9670
2249,1.1702
2250,1.0181
2251,1.0612
2252,1.0254
2253,1.0761
2254,1.0383
2255,1.0013
2256,1.1595
2257,1.0529
2258,1.1999
2259,1.1605
2260,1.0102
2261,1.1140
2262,1.1593
2263,0.9683
2264,0.9711
2265,1.0460
2266,1.0725
2267,0.9663
2268,1.1363
2269,0.9855
2270,1.2084
2271,1.1513
2272,1.0357
2273,1.0914
2274,1.1646
2275,1.0744
2276,1.0457
2277,1.0879
2278,1.0958
2279,1.1116
2280,1.0815
2281,0.9681
2282,1.1492
2283,1.0747
2284,1.0675
2285,1.1210
2286,1.0856
2287,1.0487
2288,1.0385
2289,1.0745
2290,1.0376
2291,1.0679
2292,0.9828
2293,0.9699
2294,1.1186
2295,1.1992
2296,1.1270
2297,1.0986
2298,1.1420
2299,1.0675
2300,1.0338
2301,1.0554
2302,0.9928
2303,1.1165
2304,1.1108
2305,0.9258
2306,1.1062
2307,1.0739
2308,0.9657
2309,1.1409
2310,1.0249
2311,0.8947
2312,1.0948
2313,1.1991
2314,1.0777
2315,0.9560
2316,1.1205
2317,0.9802
2318,1.0893
2319,0.9166
2320,1.0182
2321,1.0272
2322,1.1284
2323,1.0716
2324,1.0021
2325,0.9983
2326,1.0507
2327,1.1102
2328,1.1084
2329,1.1082
2330,0.9856
2331,1.1431
2332,1.0109
2333,1.0785
2334,1.0452
2335,1.0429
2336,1.0273
2337,1.1914
2338,1.1018
2339,1.1042
2340,1.0920
2341,0.9133
2342,1.0869
2343,1.0727
2344,1.1531
2345,1.1477
2346,1.0008
2347,1.0525
2348,0.9659
2349,1.0190
2350,1.0675
2351,1.0816
2352,0.9626
2353,1.2048
2354,1.0173
2355,1.0374
2356,1.1027
2357,1.1185
2358,0.9855
2359,0.9820
2360,1.0259
2361,1.0820
2362,1.1188
2363,0.9688
2364,1.1568
2365,0.9958
2366,1.0506
2367,1.0717
2368,0.9957
2369,1.1183
2370,1.1151
2371,0.9433
2372,0.9884
2373,1.1088
2374,1.0083
2375,0.9798
2376,0.9097
2377,0.9742
2378,1.0140
2379,1.0302
2380,1.0965
2381,1.1441
2382,1.0487
2383,0.9776
2384,1.0033
2385,1.0654
2386,0.9300
2387,1.1242
2388,0.9861
2389,1.0538
2390,1.0096
2391,1.1205
2392,0.9723
2393,0.9684
2394,0.9586
2395,1.0073
2396,1.0162
2397,1.0660
2398,0.9457
2399,1.0490
2400,1.1043
2401,1.0070
2402,1.0005
2403,1.0636
2404,1.0576
2405,0.9427
2406,1.0606
2407,0.9991
2408,1.0041
2409,1.1362
2410,1.0976
2411,0.9286
2412,1.0678
2413,1.0377
2414,1.0579
2415,1.1502
2416,1.1292
2417,1.0051
2418,1.0218
2419,0.9733
2420,0.9702
2421,0.9819
2422,0.9933
2423,1.1114
2424,1.0630
2425,0.9884
2426,0.9545
2427,1.0708
2428,1.1331
2429,0.9483
2430,0.9539
2431,1.1593
2432,0.9855
2433,1.0639
2434,1.0395
2435,1.0647
2436,0.9546
2437,1.0568
2438,1.0856
2439,1.0589
2440,1.0649
2441,1.1242
2442,0.9990
2443,0.9556
2444,1.0044
2445,0.9533
2446,1.0595
2447,1.0234
2448,1.0117
2449,1.0367
2450,0.9753
2451,0.9964
2452,0.9716
2453,0.9457
2454,1.0612
2455,0.9406
2456,1.0376
2457,0.9877
2458,0.9388
2459,0.8857
2460,1.0374
2461,1.1063
2462,0.9989
2463,1.0116
2464,1.0911
2465,1.0467
2466,1.0318
2467,1.0402
2468,1.1051
2469,0.9938
2470,1.0895
2471,1.0358
2472,1.0748
2473,0.9958
2474,0.9869
2475,0.9350
2476,1.0054
2477,0.9927
2478,0.9664
2479,1.0857
2480,1.0944
2481,1.0083
2482,0.9123
2483,1.2032
2484,0.9915
2485,1.0475
2486,1.0466
2487,1.0094
2488,1.0068
2489,0.9689
2490,0.8989
2491,0.9204
2492,1.1131
2493,1.0488
2494,1.0576
2495,0.9429
2496,1.0309
2497,1.0438
2498,1.1038
2499,0.9922
2500,1.0267
2501,0.9745
2502,1.0218
2503,0.9428
2504,1.0431
2505,0.8903
2506,0.9662
2507,1.0297
2508,1.0003
2509,1.0467
2510,1.0091
2511,0.9689
2512,1.0110
2513,1.0772
2514,0.9800
2515,1.0096
2516,1.0103
2517,0.9470
2518,0.9880
2519,1.0885
2520,1.0330
2521,0.8950
2522,0.9382
2523,1.0964
2524,0.9815
2525,0.8739
2526,1.0608
2527,1.0235
2528,1.0350
2529,0.9467
2530,1.0371
2531,1.0458
2532,1.0045
2533,0.9882
2534,0.9649
2535,1.0228
2536,1.0686
2537,0.9992
2538,0.9486
2539,1.0780
2540,1.0151
2541,0.9914
2542,0.8895
2543,1.0351
2544,0.9345
2545,0.9417
2546,1.0537
2547,1.0948
2548,1.0591
2549,1.0912
2550,0.9488
2551,1.0688
2552,0.9855
2553,0.9910
2554,0.9202
2555,1.0272
2556,0.9892
2557,1.0061
2558,1.0207
2559,0.8962
2560,0.9175
2561,1.0816
2562,0.9612
2563,1.0589
2564,1.0321
2565,0.9066
2566,0.9804
2567,1.0260
2568,0.9855
2569,1.0287
2570,0.8695
2571,0.9330
2572,0.9791
2573,1.0145
2574,0.9519
2575,0.9791
2576,0.9583
2577,0.9515
2578,1.0036
2579,0.9932
2580,0.9892
2581,0.8900
2582,0.9433
2583,0.9713
2584,1.0475
2585,0.8720
2586,0.8602
2587,0.9711
2588,0.9820
2589,1.0395
2590,0.9999
2591,1.0734
2592,0.9161
2593,1.0375
2594,1.0250
2595,1.0383
2596,0.9274
2597,1.0484
2598,0.8598
2599,0.9586
2600,1.0162
2601,0.9914
2602,1.0123
2603,1.0092
2604,0.9943
2605,0.9082
2606,1.0290
2607,1.0133
2608,0.9313
2609,0.9662
2610,0.8875
2611,1.0512
2612,0.9822
2613,0.9298
2614,0.9359
2615,0.8807
2616,0.9527
2617,1.0055
2618,1.0603
2619,0.9077
2620,1.0304
2621,0.9994
2622,0.9916
2623,0.8862
2624,1.0272
2625,0.9361
2626,1.0482
2627,1.0543
2628,0.9287
2629,1.0073
2630,0.9961
2631,1.0575
2632,0.9130
2633,1.0364
2634,0.8619
2635,0.8994
2636,0.8906
2637,1.0570
2638,1.0470
2639,1.0053
2640,1.0520
2641,1.0603
2642,1.0089
2643,1.0242
2644,0.9682
2645,0.9534
2646,0.8881
2647,0.9734
2648,0.9862
2649,0.9033
2650,0.9280
2651,0.9571
2652,1.0523
2653,0.9288
2654,0.9316
2655,0.9693
2656,1.0557
2657,0.8387
2658,0.9107
2659,0.9097
2660,0.8728
2661,0.8711
2662,0.9181
2663,0.9819
2664,0.9161
2665,0.8687
2666,0.9389
2667,0.8168
2668,0.9440
2669,0.9823
2670,1.0173
2671,0.9413
2672,1.0157
2673,0.9747
2674,0.9110
2675,0.9609
2676,0.8533
2677,0.9448
2678,0.9078
2679,1.0181
2680,0.9648
2681,0.9211
2682,0.9658
2683,0.9580
2684,0.9779
2685,0.9112
2686,0.9917
2687,0.9818
2688,0.9332
2689,1.0341
2690,0.8686
2691,1.0374
2692,0.9498
2693,0.9509
2694,0.9369
2695,1.1238
2696,1.0653
2697,1.0212
2698,0.9457
2699,0.9610
2700,1.0545
2701,0.9153
2702,0.9110
2703,0.9867
2704,0.8692
2705,0.9812
2706,1.1078
2707,0.9448
2708,1.1641
2709,0.8570
2710,0.9328
2711,0.9468
2712,0.8684
2713,0.9706
2714,0.9238
2715,1.0251
2716,0.8385
2717,0.9578
2718,1.0022
2719,0.9021
2720,0.9846
2721,0.9788
2722,0.9605
2723,0.9893
2724,1.0021
2725,0.8867
2726,0.9346
2727,0.8423
2728,0.9415
2729,0.9521
2730,0.9842
2731,0.9603
2732,0.8987
2733,0.9047
2734,0.9669
2735,1.0331
2736,0.9420
2737,0.9513
2738,0.9645
2739,1.0073
2740,0.9121
2741,0.8731
2742,1.0265
2743,0.9690
2744,1.0025
2745,0.9251
2746,0.9629
2747,0.9466
2748,0.8681
2749,1.0016
2750,0.8843
2751,0.9119
2752,0.9753
2753,0.8707
2754,0.9804
2755,0.9876
2756,1.0282
2757,0.9609
2758,1.0162
2759,0.8289
2760,0.9156
2761,0.8798
2762,1.0266
2763,0.8905
2764,0.9402
2765,0.9458
2766,1.0028
2767,0.9247
2768,1.0246
2769,0.9591
2770,0.9186
2771,0.9141
2772,0.9542
2773,0.9067
2774,1.0364
2775,1.0850
2776,1.0018
2777,0.9254
2778,0.8781
2779,0.9752
2780,0.9956
2781,0.9705
2782,0.9100
2783,0.8590
2784,0.8875
2785,0.9478
2786,0.9336
2787,0.9959
2788,0.9063
2789,0.9298
2790,0.8796
2791,0.8801
2792,0.8636
2793,0.9319
2794,0.9819
2795,0.9888
2796,0.8822
2797,0.9928
2798,1.0733
2799,0.8574
2800,1.0220
2801,0.9259
2802,0.9103
2803,1.0177
2804,0.9757
2805,0.8946
2806,0.9581
2807,1.0467
2808,0.9880
2809,0.9975
2810,0.9995
2811,0.9045
2812,0.8530
2813,0.9057
2814,0.9086
2815,0.8879
2816,0.8518
2817,1.0315
2818,0.8433
2819,0.8753
2820,0.8929
2821,0.9777
2822,0.9681
2823,0.9957
2824,0.9477
2825,0.9473
2826,1.0000
2827,1.0157
2828,0.8901
2829,0.9540
2830,0.9590
2831,0.9610
2832,0.8857
2833,0.9174
2834,0.9471
2835,0.9361
2836,0.9445
2837,0.8716
2838,0.8743
2839,0.9451
2840,0.8901
2841,1.0057
2842,1.0370
2843,0.9445
2844,1.0099
2845,0.8881
2846,1.0031
2847,1.0147
2848,0.9005
2849,1.0223
2850,1.0002
2851,1.0115
2852,0.9332
2853,1.0626
2854,0.8655
2855,0.8612
2856,0.9474
2857,0.8188
2858,0.9384
2859,0.9185
2860,1.0095
2861,0.8903
2862,0.8684
2863,0.8978
2864,0.9041
2865,0.9368
2866,0.8653
2867,0.8670
2868,0.8903
2869,0.8819
2870,0.8639
2871,0.9104
2872,0.9022
2873,0.9378
2874,0.9650
2875,0.7763
2876,0.8862
2877,0.9904
2878,0.9515
2879,0.8972
2880,0.9306
2881,0.8976
2882,0.9041
2883,0.9694
2884,0.9526
2885,0.9144
2886,0.8515
2887,0.9311
2888,0.8493
2889,1.0433
2890,0.9645
2891,0.8702
2892,0.8813
2893,1.0047
2894,0.9065
2895,0.8959
2896,1.0171
2897,0.8650
2898,0.8510
2899,0.9764
2900,1.0661
2901,0.9398
2902,0.8801
2903,0.9857
2904,1.0004
2905,0.8354
2906,0.9515
2907,1.0059
2908,0.9454
2909,0.8628
2910,0.9317
2911,1.0048
2912,0.9254
2913,0.8894
2914,0.9198
2915,0.8872
2916,1.0108
2917,0.8117
2918,0.8464
2919,0.9557
2920,0.8831
2921,0.8478
2922,0.9576
2923,0.9083
2924,0.8955
2925,1.0391
2926,0.9733
2927,0.8790
2928,0.9589
2929,0.8839
2930,0.9586
2931,0.9326
2932,0.8680
2933,0.8975
2934,0.9962
2935,0.9086
2936,0.9090
2937,0.9589
2938,1.0953
2939,0.9634
2940,0.9239
2941,0.9564
2942,0.9779
2943,0.8429
2944,0.9193
2945,0.9622
2946,0.8631
2947,0.8740
2948,0.8884
2949,0.9911
2950,0.8321
2951,0.9884
2952,0.8884
2953,0.9382
2954,0.9186
2955,0.9639
2956,0.9290
2957,0.9028
2958,0.8879
2959,0.9327
2960,0.9234
2961,0.8736
2962,0.9296
2963,0.9026
2964,0.9916
2965,0.9742
2966,0.9523
2967,0.8748
2968,0.8888
2969,0.9359
2970,0.9868
2971,0.8838
2972,0.9023
2973,0.9867
2974,0.9300
2975,0.8767
2976,0.9153
2977,0.9505
2978,0.8742
2979,0.8534
2980,0.8201
2981,0.8159
2982,0.9536
2983,0.8176
2984,0.8353
2985,0.7966
2986,0.8959
2987,0.9391
2988,0.8905
2989,0.8948
2990,0.9117
2991,0.9295
2992,0.7861
2993,0.9801
2994,0.9352
2995,0.9123
2996,0.8276
2997,0.9238
2998,0.9094
2999,0.8373
3000,1.0098
3001,0.8308
3002,0.9022
3003,0.9843
3004,0.8694
3005,0.9178
3006,0.8601
3007,0.9988
3008,0.8892
3009,0.9925
3010,0.9251
3011,0.9023
3012,0.9749
3013,0.8103
3014,0.9557
3015,0.8538
3016,0.8899
3017,0.9668
3018,1.0245
3019,0.8627
3020,0.8527
3021,0.9227
3022,0.9588
3023,0.8937
3024,0.8780
3025,0.9205
3026,0.8705
3027,0.8050
3028,0.7206
3029,0.9715
3030,0.8407
3031,0.8171
3032,0.8624
3033,0.8720
3034,0.9004
3035,0.8157
3036,0.7962
3037,0.9124
3038,0.9508
3039,0.9162
3040,0.7848
3041,0.8869
3042,0.8927
3043,0.7898
3044,0.9229
3045,0.9097
3046,0.9284
3047,0.9108
3048,0.8801
3049,0.8879
3050,0.8525
3051,0.8792
3052,0.8657
3053,0.8145
3054,0.7665
3055,0.8074
3056,0.9059
3057,0.9436
3058,0.9640
3059,0.9194
3060,0.8734
3061,0.9864
3062,0.8479
3063,0.8753
3064,0.8651
3065,0.8463
3066,0.9419
3067,0.9412
3068,0.9169
3069,0.8549
3070,0.8583
3071,0.8506
3072,0.9428
3073,0.9035
3074,0.8358
3075,0.9420
3076,0.9176
3077,0.8940
3078,0.8578
3079,0.8782
3080,0.8706
3081,0.8608
3082,0.9057
3083,0.8366
3084,0.8335
3085,0.7822
3086,0.8606
3087,0.9172
3088,0.8367
3089,0.9894
3090,0.8643
3091,0.8387
3092,0.9188
3093,0.9489
3094,0.9413
3095,0.9392
3096,0.9814
3097,0.8940
3098,0.8411
3099,0.9588
3100,0.9176
3101,0.9185
3102,0.8042
3103,0.8376
3104,0.8669
3105,0.9164
3106,0.8784
3107,0.8808
3108,0.9249
3109,0.8302
3110,0.7845
3111,0.8677
3112,0.8989
3113,0.9182
3114,0.8729
3115,0.9125
3116,0.8116
3117,0.9243
3118,0.7400
3119,0.8807
3120,0.8898
3121,0.8261
3122,0.8930
3123,0.8684
3124,0.9767
3125,0.8172
3126,0.8388
3127,0.8609
3128,0.8405
3129,0.7460
3130,0.8836
3131,0.9486
3132,0.7290
3133,0.8042
3134,0.8406
3135,0.8517
3136,0.8888
3137,0.8937
3138,0.9471
3139,0.8251
3140,0.8177
3141,0.8836
3142,0.7792
3143,0.7972
3144,1.0680
3145,0.8667
3146,0.8765
3147,0.8604
3148,0.8099
3149,0.9416
3150,0.8332
3151,0.9104
3152,1.0168
3153,0.8650
3154,0.9302
3155,0.7641
3156,0.9357
3157,0.8580
3158,0.8288
3159,0.8177
3160,0.7641
3161,0.7934
3162,0.8506
3163,0.8908
3164,0.8826
3165,0.8366
3166,0.8563
3167,0.9733
3168,0.8419
3169,0.8571
3170,0.7599
3171,0.7699
3172,0.7736
3173,0.9616
3174,0.8145
3175,0.8805
3176,0.7623
3177,0.9001
3178,1.0419
3179,0.7881
3180,0.8850
3181,0.7804
3182,0.8499
3183,0.8984
3184,0.8136
3185,0.8977
3186,0.8211
3187,1.0010
3188,0.7740
3189,0.8730
3190,0.8946
3191,0.7978
3192,0.7498
3193,0.8896
3194,0.8891
3195,0.8334
3196,0.9450
3197,0.8494
3198,0.8428
3199,0.8674
3200,0.8487
3201,0.7703
3202,0.8367
3203,0.7918
3204,0.8451
3205,0.7736
3206,0.8792
3207,0.9083
3208,0.8443
3209,0.8079
3210,0.8326
3211,0.7939
3212,0.8529
3213,0.8235
3214,0.8423
3215,0.9128
3216,0.9632
3217,0.8800
3218,0.8215
3219,0.8742
3220,0.9202
3221,0.8971
3222,0.8743
3223,0.8200
3224,0.8558
3225,0.9832
3226,0.8605
3227,0.9542
3228,0.9056
3229,0.7986
3230,0.8252
3231,0.8607
3232,0.8591
3233,0.8763
3234,0.8724
3235,0.8915
3236,0.8369
3237,0.9789
3238,0.8950
3239,0.8554
3240,0.9177
3241,0.8598
3242,0.8391
3243,0.8862
3244,0.8969
3245,0.7843
3246,0.8419
3247,0.8286
3248,0.8594
3249,0.7929
3250,0.8646
3251,0.8730
3252,0.8019
3253,0.8294
3254,0.9567
3255,0.8116
3256,0.8587
3257,0.8894
3258,0.8844
3259,0.7982
3260,0.9148
3261,0.7717
3262,0.8172
3263,0.8413
3264,0.8925
3265,0.7700
3266,0.9044
3267,0.8121
3268,0.8905
3269,0.7749
3270,0.8071
3271,0.8901
3272,0.8631
3273,0.9854
3274,0.8262
3275,0.8142
3276,0.9288
3277,0.7387
3278,0.8942
3279,0.8355
3280,0.9726
3281,0.7210
3282,0.8900
3283,0.9000
3284,0.8395
3285,0.8973
3286,0.9184
3287,0.8283
3288,0.8805
3289,0.7931
3290,0.8193
3291,0.8459
3292,0.7857
3293,0.8686
3294,0.8514
3295,0.8577
3296,0.9076
3297,0.7597
3298,0.8416
3299,0.7762
3300,0.8711
3301,0.8903
3302,0.9220
3303,0.8479
3304,0.8771
3305,0.8316
3306,0.8221
3307,0.9033
3308,0.7682
3309,0.8441
3310,0.8573
3311,0.8312
3312,0.8532
3313,0.7955
3314,0.8619
3315,0.8674
3316,0.7316
3317,0.8796
3318,0.8151
3319,0.7710
3320,0.7513
3321,0.8133
3322,0.8903
3323,0.7934
3324,0.8077
3325,0.8145
3326,0.9781
3327,0.8881
3328,0.8404
3329,0.7504
3330,0.8035
3331,0.8257
3332,0.8269
3333,0.8811
3334,0.8107
3335,0.8930
3336,0.9252
3337,0.8211
3338,0.9099
3339,0.7564
3340,0.8386
3341,0.8118
3342,0.8872
3343,0.8849
3344,0.8842
3345,0.8334
3346,0.8292
3347,0.8419
3348,0.8352
3349,0.9152
3350,0.8519
3351,0.8728
3352,0.8682
3353,0.8340
3354,0.8930
3355,0.7853
3356,0.8877
3357,0.8295
3358,0.7724
3359,0.7714
3360,0.8645
3361,0.8086
3362,0.8405
3363,0.8054
3364,0.7625
3365,0.8457
3366,0.8988
3367,0.8444
3368,0.8407
3369,0.7783
3370,0.8793
3371,0.8741
3372,0.8381
3373,0.8256
3374,0.9472
3375,0.8315
3376,0.8651
3377,0.8381
3378,0.8211
3379,0.7766
3380,0.8098
3381,0.7585
3382,0.7846
3383,0.8201
3384,0.9382
3385,0.7451
3386,0.7819
3387,0.8482
3388,0.8246
3389,0.8087
3390,0.8278
3391,0.9250
3392,0.8803
3393,0.8266
3394,0.7832
3395,0.8215
3396,0.7944
3397,0.8310
3398,0.8397
3399,0.7973
3400,0.8651
3401,0.7758
3402,0.8173
3403,0.8161
3404,0.8472
3405,0.7836
3406,0.7327
3407,0.7312
3408,0.8506
3409,0.7518
3410,0.7844
3411,0.7918
3412,0.8212
3413,0.7567
3414,0.8493
3415,0.7620
3416,0.8447
3417,0.8754
3418,0.8844
3419,0.8372
3420,0.7804
3421,0.7080
3422,0.8736
3423,0.7276
3424,0.8357
3425,0.8525
3426,0.8456
3427,0.7366
3428,0.8749
3429,0.8888
3430,0.8881
3431,0.8086
3432,0.8035
3433,0.8893
3434,0.8852
3435,0.7646
3436,0.8188
3437,0.8209
3438,0.9300
3439,0.8228
3440,0.7429
3441,0.8394
3442,0.7927
3443,0.7483
3444,0.7812
3445,0.8463
3446,0.8610
3447,0.7317
3448,0.7985
3449,0.9406
3450,0.8069
3451,0.8982
3452,0.7460
3453,0.8405
3454,0.9018
3455,0.7484
3456,0.7901
3457,0.7555
3458,0.8494
3459,0.8242
3460,0.8101
3461,0.8198
3462,0.8861
3463,0.7945
3464,0.7493
3465,0.8143
3466,0.9110
3467,0.8753
3468,0.8437
3469,0.7607
3470,0.8673
3471,0.8655
3472,0.8451
3473,0.8729
3474,0.8161
3475,0.8611
3476,0.9242
3477,0.7551
3478,0.8637
3479,0.8418
3480,0.7507
3481,0.8626
3482,0.7582
3483,0.7930
3484,0.9073
3485,0.9294
3486,0.7960
3487,0.7669
3488,0.8628
3489,0.7869
3490,0.7981
3491,0.7931
3492,0.7620
3493,0.7058
3494,0.8290
3495,0.8118
3496,0.8373
3497,0.8070
3498,0.8819
3499,0.7944
3500,0.7433
3501,0.8786
3502,0.9126
3503,0.8115
3504,0.8717
3505,0.9294
3506,0.7735
3507,0.8436
3508,0.7940
3509,0.8696
3510,0.7757
3511,0.7894
3512,0.8348
3513,0.8890
3514,0.8343
3515,0.8087
3516,0.8458
3517,0.7170
3518,0.8998
3519,0.7861
3520,0.7959
3521,0.9652
3522,0.8736
3523,0.8102
3524,0.6820
3525,0.8305
3526,0.7187
3527,0.8073
3528,0.8411
3529,0.8226
3530,0.7349
3531,0.8454
3532,0.7361
3533,0.8198
3534,0.8785
3535,0.8226
3536,0.8490
3537,0.7292
3538,0.7748
3539,0.7229
3540,0.7295
3541,0.7754
3542,0.8883
3543,0.8229
3544,0.7798
3545,0.8152
3546,0.8924
3547,0.8360
3548,0.8028
3549,0.8432
3550,0.7654
3551,0.7631
3552,0.7518
3553,0.8454
3554,0.8133
3555,0.8311
3556,0.7471
3557,0.7918
3558,0.8429
3559,0.7496
3560,0.7412
3561,0.7419
3562,0.8460
3563,0.6883
3564,0.8594
3565,0.8376
3566,0.7566
3567,0.8177
3568,0.7732
3569,0.9010
3570,0.7237
3571,0.7867
3572,0.7418
3573,0.7898
3574,0.8486
3575,0.9047
3576,0.7241
3577,0.7315
3578,0.8430
3579,0.8219
3580,0.8247
3581,0.8013
3582,0.8861
3583,0.7493
3584,0.7041
3585,0.7193
3586,0.8417
3587,0.7943
3588,0.7931
3589,0.8250
3590,0.7306
3591,0.8079
3592,0.8894
3593,0.8469
3594,0.7607
3595,0.7984
3596,0.7973
3597,0.8643
3598,0.7616
3599,0.7574
3600,0.8716
3601,0.8018
3602,0.8267
3603,0.8479
3604,0.8384
3605,0.8536
3606,0.8103
3607,0.8593
3608,0.7871
3609,0.8016
3610,0.8261
3611,0.8124
3612,0.7350
3613,0.8591
3614,0.7963
3615,0.7619
3616,0.8262
3617,0.8388
3618,0.8427
3619,0.9120
3620,0.7474
3621,0.7550
3622,0.8106
3623,0.7146
3624,0.9008
3625,0.8947
3626,0.8213
3627,0.9204
3628,0.7201
3629,0.7625
3630,0.8198
3631,0.7564
3632,0.8538
3633,0.7092
3634,0.8244
3635,0.7835
3636,0.7634
3637,0.8615
3638,0.7710
3639,0.7633
3640,0.7120
3641,0.7081
3642,0.7031
3643,0.8320
3644,0.7784
3645,0.6876
3646,0.7444
3647,0.8136
3648,0.7560
3649,0.8240
3650,0.8215
3651,0.7649
3652,0.7876
3653,0.7282
3654,0.8018
3655,0.8714
3656,0.7987
3657,0.8035
3658,0.7673
3659,0.8494
3660,0.8563
3661,0.7364
3662,0.8134
3663,0.8360
3664,0.8875
3665,0.7582
3666,0.8347
3667,0.8295
3668,0.8863
3669,0.6463
3670,0.8401
3671,0.7616
3672,0.7829
3673,0.7200
3674,0.8930
3675,0.8953
3676,0.7977
3677,0.6956
3678,0.8406
3679,0.6986
3680,0.7251
3681,0.7069
3682,0.8247
3683,0.7272
3684,0.7858
3685,0.7562
3686,0.7792
3687,0.8656
3688,0.7846
3689,0.7307
3690,0.8208
3691,0.7439
3692,0.7576
3693,0.8116
3694,0.7949
3695,0.8430
3696,0.7652
3697,0.8694
3698,0.8764
3699,0.7940
3700,0.7677
3701,0.6792
3702,0.8584
3703,0.7890
3704,0.7549
3705,0.7953
3706,0.7019
3707,0.8314
3708,0.7835
3709,0.8440
3710,0.7524
3711,0.7257
3712,0.8139
3713,0.7778
3714,0.9234
3715,0.7216
3716,0.7060
3717,0.7576
3718,0.7607
3719,0.8066
3720,0.7218
3721,0.6932
3722,0.8590
3723,0.7146
3724,0.7929
3725,0.7281
3726,0.7563
3727,0.8526
3728,0.7732
3729,0.8628
3730,0.7209
3731,0.8623
3732,0.7703
3733,0.8270
3734,0.7527
3735,0.7266
3736,0.7144
3737,0.8088
3738,0.8276
3739,0.7207
3740,0.7881
3741,0.8606
3742,0.7855
3743,0.7760
3744,0.7909
3745,0.7085
3746,0.8076
3747,0.8091
3748,0.8084
3749,0.8704
3750,0.7349
3751,0.7840
3752,0.8419
3753,0.8246
3754,0.7849
3755,0.8587
3756,0.7291
3757,0.8188
3758,0.7326
3759,0.8011
3760,0.8162
3761,0.8308
3762,0.8420
3763,0.8651
3764,0.8634
3765,0.7895
3766,0.7394
3767,0.7908
3768,0.7885
3769,0.7254
3770,0.8976
3771,0.7198
3772,0.7911
3773,0.8581
3774,0.7283
3775,0.8166
3776,0.7202
3777,0.8012
3778,0.8157
3779,0.8023
3780,0.6853
3781,0.8176
3782,0.8522
3783,0.7045
3784,0.7493
3785,0.8075
3786,0.8599
3787,0.6722
3788,0.7349
3789,0.7881
3790,0.7616
3791,0.7748
3792,0.7538
3793,0.8607
3794,0.7036
3795,0.8909
3796,0.7480
3797,0.7546
3798,0.6993
3799,0.8483
3800,0.8054
3801,0.7673
3802,0.8601
3803,0.8220
3804,0.7776
3805,0.8050
3806,0.7204
3807,0.6707
3808,0.7192
3809,0.7187
3810,0.7408
3811,0.7704
3812,0.7575
3813,0.7722
3814,0.8289
3815,0.8139
3816,0.6702
3817,0.7290
3818,0.7040
3819,0.9160
3820,0.7531
3821,0.7674
3822,0.8101
3823,0.7949
3824,0.7989
3825,0.7751
3826,0.7381
3827,0.6998
3828,0.7335
3829,0.6907
3830,0.7221
3831,0.7458
3832,0.7255
3833,0.7683
3834,0.7918
3835,0.7558
3836,0.7245
3837,0.7251
3838,0.7229
3839,0.6573
3840,0.7814
3841,0.7192
3842,0.6570
3843,0.7421
3844,0.7913
3845,0.7584
3846,0.7669
3847,0.7936
3848,0.7989
3849,0.8726
3850,0.6626
3851,0.7205
3852,0.7868
3853,0.7289
3854,0.7818
3855,0.7730
3856,0.7427
3857,0.6871
3858,0.7016
3859,0.7735
3860,0.7504
3861,0.6706
3862,0.7549
3863,0.6700
3864,0.7134
3865,0.8266
3866,0.6959
3867,0.7676
3868,0.7749
3869,0.7493
3870,0.6148
3871,0.8421
3872,0.7438
3873,0.7214
3874,0.7324
3875,0.6833
3876,0.7358
3877,0.8087
3878,0.7956
3879,0.7691
3880,0.7858
3881,0.7041
3882,0.7782
3883,0.7763
3884,0.7684
3885,0.6964
3886,0.7331
3887,0.7208
3888,0.7285
3889,0.7253
3890,0.7380
3891,0.6066
3892,0.6198
3893,0.7258
3894,0.7108
3895,0.9369
3896,0.7061
3897,0.7796
3898,0.7954
3899,0.7451
3900,0.7334
3901,0.6976
3902,0.7777
3903,0.7927
3904,0.7213
3905,0.7156
3906,0.7522
3907,0.8473
3908,0.7393
3909,0.7853
3910,0.7424
3911,0.7481
3912,0.8687
3913,0.7282
3914,0.7210
3915,0.8687
3916,0.8439
3917,0.7408
3918,0.8097
3919,0.7557
3920,0.8415
3921,0.8387
3922,0.7918
3923,0.7332
3924,0.7213
3925,0.7817
3926,0.7360
3927,0.7569
3928,0.6864
3929,0.8140
3930,0.7245
3931,0.8179
3932,0.7779
3933,0.7616
3934,0.7792
3935,0.7606
3936,0.7012
3937,0.8519
3938,0.6347
3939,0.7667
3940,0.8270
3941,0.7171
3942,0.7230
3943,0.7056
3944,0.8260
3945,0.8202
3946,0.8175
3947,0.6352
3948,0.7503
3949,0.8165
3950,0.8005
3951,0.6737
3952,0.7045
3953,0.8611
3954,0.7143
3955,0.7531
3956,0.7451
3957,0.7189
3958,0.7827
3959,0.7113
3960,0.7857
3961,0.7271
3962,0.8468
3963,0.8035
3964,0.7921
3965,0.7141
3966,0.7185
3967,0.7319
3968,0.7828
3969,0.7552
3970,0.7919
3971,0.7601
3972,0.6825
3973,0.7913
3974,0.6958
3975,0.7358
3976,0.7130
3977,0.7245
3978,0.8302
3979,0.7654
3980,0.7504
3981,0.7806
3982,0.6332
3983,0.7704
3984,0.7982
3985,0.7183
3986,0.8043
3987,0.6860
3988,0.7229
3989,0.7175
3990,0.7920
3991,0.7150
3992,0.7282
3993,0.7575
3994,0.7992
3995,0.7170
3996,0.7689
3997,0.7038
3998,0.7673
3999,0.7147
4000,0.6808
4001,0.7863
4002,0.7405
4003,0.7969
4004,0.6990
4005,0.7046
4006,0.7438
4007,0.7255
4008,0.7540
4009,0.7314
4010,0.7643
4011,0.7257
4012,0.7216
4013,0.6892
4014,0.8023
4015,0.7573
4016,0.7932
4017,0.6766
4018,0.7947
4019,0.7496
4020,0.7530
4021,0.6933
4022,0.6747
4023,0.6829
4024,0.7611
4025,0.7502
4026,0.7574
4027,0.7375
4028,0.7637
4029,0.8296
4030,0.7349
4031,0.6581
4032,0.7086
4033,0.6936
4034,0.7871
4035,0.7154
4036,0.8198
4037,0.8055
4038,0.6784
4039,0.8556
4040,0.6911
4041,0.7441
4042,0.7258
4043,0.8278
4044,0.6299
4045,0.7149
4046,0.8469
4047,0.6147
4048,0.6727
4049,0.7984
4050,0.6497
4051,0.7119
4052,0.7553
4053,0.6934
4054,0.6501
4055,0.6728
4056,0.7203
4057,0.6894
4058,0.7175
4059,0.7020
4060,0.6950
4061,0.7314
4062,0.7472
4063,0.7135
4064,0.8231
4065,0.6893
4066,0.6897
4067,0.6753
4068,0.6251
4069,0.8041
4070,0.7536
4071,0.7328
4072,0.7453
4073,0.7137
4074,0.6622
4075,0.7723
4076,0.8018
4077,0.7106
4078,0.7011
4079,0.7336
4080,0.7487
4081,0.6320
4082,0.6403
4083,0.6973
4084,0.7789
4085,0.6393
4086,0.6534
4087,0.9022
4088,0.7921
4089,0.7693
4090,0.7237
4091,0.7275
4092,0.7396
4093,0.7429
4094,0.8006
4095,0.7607
4096,0.7274
4097,0.7644
4098,0.8435
4099,0.6631
4100,0.8081
4101,0.7206
4102,0.7252
4103,0.6144
4104,0.7153
4105,0.7304
4106,0.8246
4107,0.7408
4108,0.6763
4109,0.7390
4110,0.7880
4111,0.7677
4112,0.6833
4113,0.7681
4114,0.6812
4115,0.7235
4116,0.7012
4117,0.6851
4118,0.7164
4119,0.6586
4120,0.7133
4121,0.7136
4122,0.7198
4123,0.6657
4124,0.7287
4125,0.5971
4126,0.7993
4127,0.6339
4128,0.7127
4129,0.6659
4130,0.7378
4131,0.7216
4132,0.6148
4133,0.6848
4134,0.7624
4135,0.7719
4136,0.7141
4137,0.7300
4138,0.7168
4139,0.7118
4140,0.6585
4141,0.7892
4142,0.7871
4143,0.6525
4144,0.6825
4145,0.7085
4146,0.7146
4147,0.6522
4148,0.7328
4149,0.7995
4150,0.6523
4151,0.6873
4152,0.7096
4153,0.7195
4154,0.8150
4155,0.6905
4156,0.7471
4157,0.6734
4158,0.7726
4159,0.7777
4160,0.8610
4161,0.7391
4162,0.7059
4163,0.8823
4164,0.7179
4165,0.7471
4166,0.6732
4167,0.6864
4168,0.6938
4169,0.6303
4170,0.7172
4171,0.6949
4172,0.7715
4173,0.7720
4174,0.8141
4175,0.7223
4176,0.7164
4177,0.7430
4178,0.7927
4179,0.7027
4180,0.6309
4181,0.6629
4182,0.7935
4183,0.7868
4184,0.6166
4185,0.6868
4186,0.8211
4187,0.7945
4188,0.7688
4189,0.6676
4190,0.6791
4191,0.7042
4192,0.8095
4193,0.7671
4194,0.7711
4195,0.7865
4196,0.6597
4197,0.6826
4198,0.6226
4199,0.6727
4200,0.6759
4201,0.7363
4202,0.7123
4203,0.7011
4204,0.7137
4205,0.6519
4206,0.7443
4207,0.8252
4208,0.7942
4209,0.7206
4210,0.6731
4211,0.7101
4212,0.7118
4213,0.7477
4214,0.7049
4215,0.8166
4216,0.7490
4217,0.6559
4218,0.6956
4219,0.6940
4220,0.6562
4221,0.8030
4222,0.6894
4223,0.7546
4224,0.7636
4225,0.7631
4226,0.7477
4227,0.7083
4228,0.7730
4229,0.7023
4230,0.7321
4231,0.7312
4232,0.7169
4233,0.7428
4234,0.7674
4235,0.6715
4236,0.8282
4237,0.7553
4238,0.6333
4239,0.7150
4240,0.6872
4241,0.7045
4242,0.7315
4243,0.7005
4244,0.7166
4245,0.7084
4246,0.7501
4247,0.6780
4248,0.7517
4249,0.7225
4250,0.6414
4251,0.7835
4252,0.8010
4253,0.6161
4254,0.6923
4255,0.6527
4256,0.6582
4257,0.7126
4258,0.6941
4259,0.7524
4260,0.7102
4261,0.7526
4262,0.7152
4263,0.7398
4264,0.7765
4265,0.8527
4266,0.6663
4267,0.6669
4268,0.7101
4269,0.6869
4270,0.7698
4271,0.7250
4272,0.7185
4273,0.6685
4274,0.7043
4275,0.6687
4276,0.7473
4277,0.7073
4278,0.7301
4279,0.7240
4280,0.6460
4281,0.7062
4282,0.6789
4283,0.6767
4284,0.7288
4285,0.6902
4286,0.6853
4287,0.6468
4288,0.6462
4289,0.7134
4290,0.7383
4291,0.7314
4292,0.7518
4293,0.6578
4294,0.7287
4295,0.7177
4296,0.6299
4297,0.7080
4298,0.6858
4299,0.6671
4300,0.6418
4301,0.7458
4302,0.6078
4303,0.7527
4304,0.7330
4305,0.7457
4306,0.6985
4307,0.6952
4308,0.6935
4309,0.6590
4310,0.6980
4311,0.8113
4312,0.7442
4313,0.8131
4314,0.7200
4315,0.6464
4316,0.7091
4317,0.6403
4318,0.7051
4319,0.6682
4320,0.6271
4321,0.6792
4322,0.6880
4323,0.7017
4324,0.7019
4325,0.8174
4326,0.7084
4327,0.6775
4328,0.6848
4329,0.7271
4330,0.7131
4331,0.6774
4332,0.6793
4333,0.7427
4334,0.8364
4335,0.6742
4336,0.6363
4337,0.6849
4338,0.7657
4339,0.6408
4340,0.7107
4341,0.7464
4342,0.8131
4343,0.7441
4344,0.6586
4345,0.7447
4346,0.6656
4347,0.7059
4348,0.7392
4349,0.7148
4350,0.7118
4351,0.6645
4352,0.7347
4353,0.7310
4354,0.7388
4355,0.7601
4356,0.7109
4357,0.6480
4358,0.6990
4359,0.7555
4360,0.6982
4361,0.6763
4362,0.7201
4363,0.6470
4364,0.7100
4365,0.6797
4366,0.6347
4367,0.7526
4368,0.7107
4369,0.6989
4370,0.7515
4371,0.6793
4372,0.7504
4373,0.6985
4374,0.6171
4375,0.7523
4376,0.7157
4377,0.7468
4378,0.6706
4379,0.7264
4380,0.6852
4381,0.7489
4382,0.6934
4383,0.7234
4384,0.6380
4385,0.8355
4386,0.6632
4387,0.7101
4388,0.6968
4389,0.8347
4390,0.6884
4391,0.7450
4392,0.7573
4393,0.6575
4394,0.7514
4395,0.6791
4396,0.6642
4397,0.6481
4398,0.6860
4399,0.6298
4400,0.7037
4401,0.6898
4402,0.6876
4403,0.7120
4404,0.6141
4405,0.6754
4406,0.6502
4407,0.6849
4408,0.6820
4409,0.7296
4410,0.6010
4411,0.6539
4412,0.6902
4413,0.6520
4414,0.6758
4415,0.6617
4416,0.6243
4417,0.6487
4418,0.7661
4419,0.7644
4420,0.6846
4421,0.6915
4422,0.6999
4423,0.6842
4424,0.7392
4425,0.7425
4426,0.7213
4427,0.6990
4428,0.6734
4429,0.6506
4430,0.6903
4431,0.7189
4432,0.6402
4433,0.6272
4434,0.6767
4435,0.6842
4436,0.7205
4437,0.6178
4438,0.7086
4439,0.6744
4440,0.7233
4441,0.7015
4442,0.6057
4443,0.7222
4444,0.7018
4445,0.6316
4446,0.7481
4447,0.6475
4448,0.6589
4449,0.6806
4450,0.7523
4451,0.6832
4452,0.6422
4453,0.6481
4454,0.6582
4455,0.6504
4456,0.6454
4457,0.7089
4458,0.7508
4459,0.6730
4460,0.6319
4461,0.6358
4462,0.5983
4463,0.7016
4464,0.6989
4465,0.7010
4466,0.6917
4467,0.6631
4468,0.7044
4469,0.7846
4470,0.6289
4471,0.6607
4472,0.6438
4473,0.6417
4474,0.6883
4475,0.6763
4476,0.7222
4477,0.6985
4478,0.6738
4479,0.6367
4480,0.6252
4481,0.6009
4482,0.5853
4483,0.6986
4484,0.6572
4485,0.6457
4486,0.7608
4487,0.7164
4488,0.6484
4489,0.6231
4490,0.6597
4491,0.6948
4492,0.6222
4493,0.6484
4494,0.5973
4495,0.6914
4496,0.5936
4497,0.7042
4498,0.6815
4499,0.6881
4500,0.6500
4501,0.7176
4502,0.6335
4503,0.7194
4504,0.6732
4505,0.6859
4506,0.6421
4507,0.6896
4508,0.5638
4509,0.7012
4510,0.6486
4511,0.6784
4512,0.7055
4513,0.6820
4514,0.7143
4515,0.6529
4516,0.6357
4517,0.6469
4518,0.6821
4519,0.7087
4520,0.7592
4521,0.7023
4522,0.6167
4523,0.6986
4524,0.6635
4525,0.6824
4526,0.6014
4527,0.6491
4528,0.7115
4529,0.7377
4530,0.6144
4531,0.6138
4532,0.6010
4533,0.6948
4534,0.5785
4535,0.6926
4536,0.7018
4537,0.8122
4538,0.6671
4539,0.6867
4540,0.6076
4541,0.6352
4542,0.7482
4543,0.6503
4544,0.6997
4545,0.6694
4546,0.7674
4547,0.6398
4548,0.6803
4549,0.6342
4550,0.7695
4551,0.6662
4552,0.5846
4553,0.7345
4554,0.6403
4555,0.5914
4556,0.6361
4557,0.6367
4558,0.6496
4559,0.6101
4560,0.6595
4561,0.6978
4562,0.6888
4563,0.6607
4564,0.7008
4565,0.6716
4566,0.6339
4567,0.6557
4568,0.6179
4569,0.7968
4570,0.6999
4571,0.6861
4572,0.6434
4573,0.6345
4574,0.6411
4575,0.7110
4576,0.7108
4577,0.6223
4578,0.6921
4579,0.6625
4580,0.7063
4581,0.6759
4582,0.6285
4583,0.6853
4584,0.6790
4585,0.6082
4586,0.7166
4587,0.6227
4588,0.6938
4589,0.7300
4590,0.6898
4591,0.6983
4592,0.7295
4593,0.6213
4594,0.6374
4595,0.6323
4596,0.5784
4597,0.6828
4598,0.6352
4599,0.6556
4600,0.6775
4601,0.6430
4602,0.7131
4603,0.6995
4604,0.5974
4605,0.6855
4606,0.7124
4607,0.7071
4608,0.6402
4609,0.7176
4610,0.7060
4611,0.6286
4612,0.7248
4613,0.6726
4614,0.6747
4615,0.6397
4616,0.6610
4617,0.6691
4618,0.6476
4619,0.6315
4620,0.7081
4621,0.6738
4622,0.7299
4623,0.7295
4624,0.6361
4625,0.7104
4626,0.6327
4627,0.6829
4628,0.6003
4629,0.6680
4630,0.7063
4631,0.6234
4632,0.6479
4633,0.6343
4634,0.6526
4635,0.5643
4636,0.7198
4637,0.7608
4638,0.6704
4639,0.6854
4640,0.7432
4641,0.6609
4642,0.7220
4643,0.7158
4644,0.6609
4645,0.6984
4646,0.6353
4647,0.6710
4648,0.6744
4649,0.6670
4650,0.6701
4651,0.6216
4652,0.6621
4653,0.6116
4654,0.6762
4655,0.6334
4656,0.6506
4657,0.6522
4658,0.7050
4659,0.6246
4660,0.6796
4661,0.6234
4662,0.6305
4663,0.7120
4664,0.6588
4665,0.6064
4666,0.6131
4667,0.5899
4668,0.6688
4669,0.7530
4670,0.6510
4671,0.6340
4672,0.7399
4673,0.6535
4674,0.6942
4675,0.6992
4676,0.5934
4677,0.6684
4678,0.6739
4679,0.6631
4680,0.7061
4681,0.6416
4682,0.6445
4683,0.6413
4684,0.7652
4685,0.6145
4686,0.7096
4687,0.6646
4688,0.5965
4689,0.6668
4690,0.6676
4691,0.6937
4692,0.6857
4693,0.6215
4694,0.5888
4695,0.6753
4696,0.7302
4697,0.5589
4698,0.6531
4699,0.5861
4700,0.7155
4701,0.6071
4702,0.6082
4703,0.6368
4704,0.5866
4705,0.7670
4706,0.6839
4707,0.6476
4708,0.6240
4709,0.6559
4710,0.6755
4711,0.6412
4712,0.5334
4713,0.6400
4714,0.5931
4715,0.6523
4716,0.6589
4717,0.6502
4718,0.6784
4719,0.6872
4720,0.6581
4721,0.6099
4722,0.6682
4723,0.6291
4724,0.6884
4725,0.6993
4726,0.6036
4727,0.6542
4728,0.6157
4729,0.6441
4730,0.6157
4731,0.7059
4732,0.5771
4733,0.6275
4734,0.6026
4735,0.5926
4736,0.7412
4737,0.6404
4738,0.6140
4739,0.6316
4740,0.6497
4741,0.5969
4742,0.6945
4743,0.6620
4744,0.6143
4745,0.7062
4746,0.6322
4747,0.6654
4748,0.6774
4749,0.7138
4750,0.6240
4751,0.6083
4752,0.6917
4753,0.5858
4754,0.6172
4755,0.6847
4756,0.5998
4757,0.7033
4758,0.5791
4759,0.6624
4760,0.6890
4761,0.5965
4762,0.6611
4763,0.7165
4764,0.6232
4765,0.6630
4766,0.7842
4767,0.6105
4768,0.7155
4769,0.6457
4770,0.7483
4771,0.6309
4772,0.6132
4773,0.6148
4774,0.6205
4775,0.6629
4776,0.6249
4777,0.6608
4778,0.7095
4779,0.5755
4780,0.6094
4781,0.6181
4782,0.6325
4783,0.7131
4784,0.6168
4785,0.6564
4786,0.5186
4787,0.6417
4788,0.6376
4789,0.6233
4790,0.6760
4791,0.6051
4792,0.6309
4793,0.6134
4794,0.6620
4795,0.6193
4796,0.7085
4797,0.6604
4798,0.6371
4799,0.6417
4800,0.7179
4801,0.7586
4802,0.6347
4803,0.7404
4804,0.7110
4805,0.6472
4806,0.6849
4807,0.7103
4808,0.6367
4809,0.6110
4810,0.7028
4811,0.6255
4812,0.5845
4813,0.6816
4814,0.6314
4815,0.6155
4816,0.7300
4817,0.5904
4818,0.6951
4819,0.5914
4820,0.6836
4821,0.6860
4822,0.6877
4823,0.6345
4824,0.6108
4825,0.6735
4826,0.5834
4827,0.5688
4828,0.6329
4829,0.7785
4830,0.6175
4831,0.5511
4832,0.6316
4833,0.6150
4834,0.5903
4835,0.6418
4836,0.6201
4837,0.5946
4838,0.6173
4839,0.7106
4840,0.5964
4841,0.6517
4842,0.6450
4843,0.6356
4844,0.4941
4845,0.6905
4846,0.5840
4847,0.5805
4848,0.6792
4849,0.6710
4850,0.6081
4851,0.6451
4852,0.6419
4853,0.6785
4854,0.6538
4855,0.6042
4856,0.6378
4857,0.7322
4858,0.6554
4859,0.7093
4860,0.6130
4861,0.6740
4862,0.6570
4863,0.6602
4864,0.5870
4865,0.6006
4866,0.6144
4867,0.5633
4868,0.5755
4869,0.5385
4870,0.5607
4871,0.5899
4872,0.6298
4873,0.6095
4874,0.6940
4875,0.6503
4876,0.6851
4877,0.5772
4878,0.6355
4879,0.5952
4880,0.6421
4881,0.6182
4882,0.5691
4883,0.7514
4884,0.6106
4885,0.6366
4886,0.6288
4887,0.7073
4888,0.6622
4889,0.5914
4890,0.6531
4891,0.6240
4892,0.5991
4893,0.6800
4894,0.6827
4895,0.6182
4896,0.5863
4897,0.5508
4898,0.6646
4899,0.6114
4900,0.6052
4901,0.6671
4902,0.5979
4903,0.7241
4904,0.6033
4905,0.6208
4906,0.5588
4907,0.6521
4908,0.7115
4909,0.5524
4910,0.5938
4911,0.6582
4912,0.7284
4913,0.6188
4914,0.5621
4915,0.6075
4916,0.5363
4917,0.6050
4918,0.6460
4919,0.6223
4920,0.5477
4921,0.6517
4922,0.5548
4923,0.5708
4924,0.6296
4925,0.6691
4926,0.5934
4927,0.6770
4928,0.7619
4929,0.6536
4930,0.5631
4931,0.5977
4932,0.6629
4933,0.7366
4934,0.6464
4935,0.7166
4936,0.6253
4937,0.6133
4938,0.7170
4939,0.5352
4940,0.5998
4941,0.5995
4942,0.6535
4943,0.6400
4944,0.7401
4945,0.5834
4946,0.6662
4947,0.6007
4948,0.5840
4949,0.6689
4950,0.5882
4951,0.6645
4952,0.5992
4953,0.6008
4954,0.6621
4955,0.6167
4956,0.6342
4957,0.6216
4958,0.6674
4959,0.6327
4960,0.6598
4961,0.6491
4962,0.5892
4963,0.6722
4964,0.6012
4965,0.5712
4966,0.6330
4967,0.5965
4968,0.5488
4969,0.5926
4970,0.6512
4971,0.6408
4972,0.6212
4973,0.7651
4974,0.6141
4975,0.6458
4976,0.6635
4977,0.5932
4978,0.6650
4979,0.6171
4980,0.6378
4981,0.5941
4982,0.6282
4983,0.5992
4984,0.6538
4985,0.6099
4986,0.7316
4987,0.6267
4988,0.6321
4989,0.6247
4990,0.5594
4991,0.6430
4992,0.6015
4993,0.6305
4994,0.5850
4995,0.6219
4996,0.5875
4997,0.6183
4998,0.6998
4999,0.6049
5000,0.5910
5001,0.5470
5002,0.6178
5003,0.5945
5004,0.6097
5005,0.7243
5006,0.7007
5007,0.6338
5008,0.6859
5009,0.6348
5010,0.7097
5011,0.6135
5012,0.5860
5013,0.6651
5014,0.6490
5015,0.6067
5016,0.6073
5017,0.5617
5018,0.5936
5019,0.6326
5020,0.6424
5021,0.6290
5022,0.6663
5023,0.7182
5024,0.6502
5025,0.6436
5026,0.5690
5027,0.5914
5028,0.6645
5029,0.6440
5030,0.6642
5031,0.5962
5032,0.6215
5033,0.6511
5034,0.6122
5035,0.6611
5036,0.6024
5037,0.6493
5038,0.7463
5039,0.6414
5040,0.6618
5041,0.6674
5042,0.6771
5043,0.6926
5044,0.6164
5045,0.5839
5046,0.6002
5047,0.6257
5048,0.6197
5049,0.5880
5050,0.5869
5051,0.6901
5052,0.6002
5053,0.6211
5054,0.6349
5055,0.6210
5056,0.5951
5057,0.5635
5058,0.6293
5059,0.5858
5060,0.6541
5061,0.5737
5062,0.6558
5063,0.6897
5064,0.6104
5065,0.5266
5066,0.5876
5067,0.6377
5068,0.5735
5069,0.5911
5070,0.5844
5071,0.5968
5072,0.6205
5073,0.6610
5074,0.6154
5075,0.5661
5076,0.6318
5077,0.7186
5078,0.6696
5079,0.7018
5080,0.6869
5081,0.5993
5082,0.5732
5083,0.5162
5084,0.7035
5085,0.5861
5086,0.5619
5087,0.6221
5088,0.5861
5089,0.6455
5090,0.6261
5091,0.6240
5092,0.5841
5093,0.7056
5094,0.6771
5095,0.6122
5096,0.6456
5097,0.6079
5098,0.5747
5099,0.5891
5100,0.5838
5101,0.6452
5102,0.5679
5103,0.6146
5104,0.6552
5105,0.6058
5106,0.6083
5107,0.6396
5108,0.5336
5109,0.7309
5110,0.6412
5111,0.6144
5112,0.6120
5113,0.6022
5114,0.5541
5115,0.6336
5116,0.6125
5117,0.6716
5118,0.7097
5119,0.6150
5120,0.6026
5121,0.6146
5122,0.5918
5123,0.6155
5124,0.5756
5125,0.5979
5126,0.6344
5127,0.6067
5128,0.5617
5129,0.6288
5130,0.7302
5131,0.6054
5132,0.6620
5133,0.5626
5134,0.5827
5135,0.6161
5136,0.5651
5137,0.6702
5138,0.5400
5139,0.5790
5140,0.5570
5141,0.6064
5142,0.6757
5143,0.5224
5144,0.5976
5145,0.6504
5146,0.6134
5147,0.5768
5148,0.5975
5149,0.6526
5150,0.6543
5151,0.6068
5152,0.6218
5153,0.7030
5154,0.6584
5155,0.6366
5156,0.6055
5157,0.5473
5158,0.6205
5159,0.6289
5160,0.5438
5161,0.6037
5162,0.5669
5163,0.6116
5164,0.6011
5165,0.5446
5166,0.5335
5167,0.5874
5168,0.6075
5169,0.6698
5170,0.5929
5171,0.5219
5172,0.6457
5173,0.6143
5174,0.5436
5175,0.5400
5176,0.6754
5177,0.6058
5178,0.6443
5179,0.5892
5180,0.5495
5181,0.5253
5182,0.6119
5183,0.6284
5184,0.6013
5185,0.6047
5186,0.5325
5187,0.5571
5188,0.5902
5189,0.6041
5190,0.6200
5191,0.6241
5192,0.6505
5193,0.6316
5194,0.5721
5195,0.6294
5196,0.5902
5197,0.5934
5198,0.5842
5199,0.5614
5200,0.6428
5201,0.6359
5202,0.6156
5203,0.6231
5204,0.6268
5205,0.5392
5206,0.5840
5207,0.6470
5208,0.6488
5209,0.6059
5210,0.5924
5211,0.5718
5212,0.5832
5213,0.5991
5214,0.5979
5215,0.5814
5216,0.6043
5217,0.5244
5218,0.5670
5219,0.6181
5220,0.6199
5221,0.5826
5222,0.6142
5223,0.6021
5224,0.5917
5225,0.5924
5226,0.6379
5227,0.5608
5228,0.5901
5229,0.5834
5230,0.6170
5231,0.6171
5232,0.6833
5233,0.5753
5234,0.6375
5235,0.6256
5236,0.6141
5237,0.6186
5238,0.6066
5239,0.5579
5240,0.6422
5241,0.5171
5242,0.6651
5243,0.6243
5244,0.6639
5245,0.6431
5246,0.5859
5247,0.6249
5248,0.5947
5249,0.5924
5250,0.5726
5251,0.6785
5252,0.6014
5253,0.5550
5254,0.6174
5255,0.5798
5256,0.6434
5257,0.5576
5258,0.5049
5259,0.5803
5260,0.5493
5261,0.5689
5262,0.6869
5263,0.4979
5264,0.6777
5265,0.5727
5266,0.6880
5267,0.5855
5268,0.6614
5269,0.5580
5270,0.6426
5271,0.6204
5272,0.5812
5273,0.5530
5274,0.6049
5275,0.6155
5276,0.6579
5277,0.5752
5278,0.5618
5279,0.5852
5280,0.5774
5281,0.5900
5282,0.5681
5283,0.5822
5284,0.5799
5285,0.5836
5286,0.5741
5287,0.6314
5288,0.6173
5289,0.5703
5290,0.6539
5291,0.6052
5292,0.6204
5293,0.6085
5294,0.6192
5295,0.6116
5296,0.6397
5297,0.6000
5298,0.5901
5299,0.5922
5300,0.6053
5301,0.5177
5302,0.6465
5303,0.5979
5304,0.5719
5305,0.5855
5306,0.6374
5307,0.6046
5308,0.5151
5309,0.5411
5310,0.5921
5311,0.4960
5312,0.6648
5313,0.6829
5314,0.6847
5315,0.6490
5316,0.5827
5317,0.6395
5318,0.5503
5319,0.5471
5320,0.5148
5321,0.6643
5322,0.5668
5323,0.5674
5324,0.5588
5325,0.5694
5326,0.5519
5327,0.5699
5328,0.6169
5329,0.6018
5330,0.5688
5331,0.5439
5332,0.6063
5333,0.5907
5334,0.5362
5335,0.6376
5336,0.6078
5337,0.5620
5338,0.6195
5339,0.5782
5340,0.6296
5341,0.5593
5342,0.6021
5343,0.5838
5344,0.5394
5345,0.5344
5346,0.5989
5347,0.5914
5348,0.6267
5349,0.5733
5350,0.6033
5351,0.6347
5352,0.5959
5353,0.5877
5354,0.5965
5355,0.5608
5356,0.5982
5357,0.6035
5358,0.6268
5359,0.6059
5360,0.5535
5361,0.5691
5362,0.5617
5363,0.5652
5364,0.6946
5365,0.6210
5366,0.6500
5367,0.5940
5368,0.5894
5369,0.6290
5370,0.5946
5371,0.6259
5372,0.6008
5373,0.5659
5374,0.5516
5375,0.5978
5376,0.5174
5377,0.5592
5378,0.5685
5379,0.6049
5380,0.5925
5381,0.5503
5382,0.5812
5383,0.5769
5384,0.6564
5385,0.5506
5386,0.5915
5387,0.5620
5388,0.5318
5389,0.5868
5390,0.5399
5391,0.6141
5392,0.5941
5393,0.6054
5394,0.5608
5395,0.6132
5396,0.6502
5397,0.6276
5398,0.5628
5399,0.6032
5400,0.5172
5401,0.5217
5402,0.6244
5403,0.5557
5404,0.6129
5405,0.5698
5406,0.6135
5407,0.6061
5408,0.6014
5409,0.6323
5410,0.5595
5411,0.5216
5412,0.5484
5413,0.5618
5414,0.6582
5415,0.5742
5416,0.6177
5417,0.5497
5418,0.4872
5419,0.6025
5420,0.5408
5421,0.5335
5422,0.6514
5423,0.5623
5424,0.6334
5425,0.5461
5426,0.5311
5427,0.6150
5428,0.5729
5429,0.5936
5430,0.5634
5431,0.5842
5432,0.5957
5433,0.6314
5434,0.5554
5435,0.6768
5436,0.5648
5437,0.6170
5438,0.5869
5439,0.6165
5440,0.5995
5441,0.6260
5442,0.5450
5443,0.5474
5444,0.5406
5445,0.6030
5446,0.6284
5447,0.6057
5448,0.5515
5449,0.5324
5450,0.5540
5451,0.5615
5452,0.6038
5453,0.6078
5454,0.6266
5455,0.5772
5456,0.6007
5457,0.5944
5458,0.5988
5459,0.6442
5460,0.5865
5461,0.5695
5462,0.6024
5463,0.5380
5464,0.5531
5465,0.5427
5466,0.6440
5467,0.5623
5468,0.5355
5469,0.5163
5470,0.6349
5471,0.6140
5472,0.5807
5473,0.4994
5474,0.5955
5475,0.5546
5476,0.6003
5477,0.5629
5478,0.5883
5479,0.5669
5480,0.5416
5481,0.5518
5482,0.5209
5483,0.5476
5484,0.6507
5485,0.5603
5486,0.5815
5487,0.6306
5488,0.6164
5489,0.5600
5490,0.5422
5491,0.6768
5492,0.5700
5493,0.5480
5494,0.5557
5495,0.5272
5496,0.5921
5497,0.5780
5498,0.5369
5499,0.6155
5500,0.5858
5501,0.4600
5502,0.5459
5503,0.5111
5504,0.5373
5505,0.5480
5506,0.5762
5507,0.5870
5508,0.5708
5509,0.5299
5510,0.5434
5511,0.5438
5512,0.5808
5513,0.5791
5514,0.5523
5515,0.6360
5516,0.5251
5517,0.5658
5518,0.6367
5519,0.6019
5520,0.5430
5521,0.6028
5522,0.5454
5523,0.6427
5524,0.5299
5525,0.5487
5526,0.5836
5527,0.5817
5528,0.5572
5529,0.5627
5530,0.5425
5531,0.5447
5532,0.6393
5533,0.5685
5534,0.5485
5535,0.6452
5536,0.5705
5537,0.5606
5538,0.5306
5539,0.5585
5540,0.5196
5541,0.5969
5542,0.5531
5543,0.6230
5544,0.6071
5545,0.6040
5546,0.5250
5547,0.5882
5548,0.5398
5549,0.5322
5550,0.5972
5551,0.6463
5552,0.5211
5553,0.6084
5554,0.5215
5555,0.5116
5556,0.5342
5557,0.5699
5558,0.5798
5559,0.5502
5560,0.7597
5561,0.5697
5562,0.6853
5563,0.5847
5564,0.5357
5565,0.5849
5566,0.5414
5567,0.5682
5568,0.5663
5569,0.5247
5570,0.5064
5571,0.5924
5572,0.6584
5573,0.5782
5574,0.5636
5575,0.5390
5576,0.5793
5577,0.5563
5578,0.5876
5579,0.5519
5580,0.5847
5581,0.5610
5582,0.5221
5583,0.5985
5584,0.5864
5585,0.5297
5586,0.6388
5587,0.5202
5588,0.5645
5589,0.5623
5590,0.5546
5591,0.5503
5592,0.5931
5593,0.5078
5594,0.6021
5595,0.6156
5596,0.5639
5597,0.5749
5598,0.5750
5599,0.6154
5600,0.5152
5601,0.6081
5602,0.6267
5603,0.5008
5604,0.5518
5605,0.5695
5606,0.5577
5607,0.5549
5608,0.6210
5609,0.5006
5610,0.4743
5611,0.4880
5612,0.5302
5613,0.5644
5614,0.5137
5615,0.5997
5616,0.5450
5617,0.5528
5618,0.5575
5619,0.5949
5620,0.6050
5621,0.6110
5622,0.5236
5623,0.5758
5624,0.4978
5625,0.5795
5626,0.4673
5627,0.6136
5628,0.5830
5629,0.5499
5630,0.5274
5631,0.5780
5632,0.5277
5633,0.5454
5634,0.5446
5635,0.5198
5636,0.5101
5637,0.5334
5638,0.6499
5639,0.5731
5640,0.5334
5641,0.5106
5642,0.5351
5643,0.5444
5644,0.5954
5645,0.4552
5646,0.5209
5647,0.5326
5648,0.5302
5649,0.6100
5650,0.5586
5651,0.5407
5652,0.5905
5653,0.5144
5654,0.5943
5655,0.5741
5656,0.5864
5657,0.5915
5658,0.5442
5659,0.6343
5660,0.5145
5661,0.5281
5662,0.4918
5663,0.5231
5664,0.4859
5665,0.5800
5666,0.5757
5667,0.5249
5668,0.7018
5669,0.5790
5670,0.5958
5671,0.5557
5672,0.6210
5673,0.5791
5674,0.5619
5675,0.5997
5676,0.5600
5677,0.5168
5678,0.5636
5679,0.5561
5680,0.6272
5681,0.5217
5682,0.5434
5683,0.5640
5684,0.6767
5685,0.5411
5686,0.5885
5687,0.5219
5688,0.5766
5689,0.5073
5690,0.6098
5691,0.5720
5692,0.5561
5693,0.5266
5694,0.5804
5695,0.5507
5696,0.5744
5697,0.6067
5698,0.5415
5699,0.5040
5700,0.5596
5701,0.5521
5702,0.5767
5703,0.5550
5704,0.5801
5705,0.5650
5706,0.5035
5707,0.5784
5708,0.4990
5709,0.6604
5710,0.5150
5711,0.5423
5712,0.5389
5713,0.5828
5714,0.5713
5715,0.5584
5716,0.5873
5717,0.5885
5718,0.5423
5719,0.4879
5720,0.5906
5721,0.5883
5722,0.5055
5723,0.5681
5724,0.6034
5725,0.5972
5726,0.5650
5727,0.5145
5728,0.5704
5729,0.6288
5730,0.5431
5731,0.5666
5732,0.5628
5733,0.5137
5734,0.5709
5735,0.5866
5736,0.5197
5737,0.5301
5738,0.5678
5739,0.5934
5740,0.5465
5741,0.5764
5742,0.5729
5743,0.5522
5744,0.4581
5745,0.5690
5746,0.5508
5747,0.4316
5748,0.5412
5749,0.5619
5750,0.5453
5751,0.5076
5752,0.5702
5753,0.5732
5754,0.5422
5755,0.5082
5756,0.5572
5757,0.5037
5758,0.5912
5759,0.5825
5760,0.5743
5761,0.5036
5762,0.5427
5763,0.5541
5764,0.5654
5765,0.5501
5766,0.5815
5767,0.5907
5768,0.5372
5769,0.6138
5770,0.5260
5771,0.5267
5772,0.5845
5773,0.5670
5774,0.5641
5775,0.5824
5776,0.5955
5777,0.5689
5778,0.5567
5779,0.5062
5780,0.5286
5781,0.5058
5782,0.5215
5783,0.5549
5784,0.5685
5785,0.5691
5786,0.5334
5787,0.5267
5788,0.5249
5789,0.4928
5790,0.5060
5791,0.5868
5792,0.5218
5793,0.5411
5794,0.5641
5795,0.5121
5796,0.5613
5797,0.5526
5798,0.5873
5799,0.6344
5800,0.5658
5801,0.4813
5802,0.5534
5803,0.5278
5804,0.5328
5805,0.4791
5806,0.5779
5807,0.4745
5808,0.5062
5809,0.5784
5810,0.5361
5811,0.5583
5812,0.5803
5813,0.5795
5814,0.5873
5815,0.5333
5816,0.5774
5817,0.5698
5818,0.4870
5819,0.5117
5820,0.5899
5821,0.5631
5822,0.5183
5823,0.5807
5824,0.6200
5825,0.5089
5826,0.5316
5827,0.5880
5828,0.5444
5829,0.5360
5830,0.4924
5831,0.5234
5832,0.5224
5833,0.5520
5834,0.5468
5835,0.6041
5836,0.4786
5837,0.5950
5838,0.5040
5839,0.5186
5840,0.5804
5841,0.5628
5842,0.5966
5843,0.5216
5844,0.4979
5845,0.5272
5846,0.5309
5847,0.5646
5848,0.5434
5849,0.5205
5850,0.5736
5851,0.5837
5852,0.5387
5853,0.5434
5854,0.5321
5855,0.6447
5856,0.4932
5857,0.5103
5858,0.5327
5859,0.6355
5860,0.5847
5861,0.5577
5862,0.5884
5863,0.5842
5864,0.5123
5865,0.5388
5866,0.5807
5867,0.5475
5868,0.4898
5869,0.5422
5870,0.5429
5871,0.4945
5872,0.5809
5873,0.5027
5874,0.5096
5875,0.5313
5876,0.5946
5877,0.5846
5878,0.5863
5879,0.4898
5880,0.5343
5881,0.4867
5882,0.5141
5883,0.4719
5884,0.5406
5885,0.4871
5886,0.5531
5887,0.5495
5888,0.5741
5889,0.5476
5890,0.5184
5891,0.5454
5892,0.5821
5893,0.6110
5894,0.5422
5895,0.5049
5896,0.5008
5897,0.5305
5898,0.4909
5899,0.5194
5900,0.6199
5901,0.5580
5902,0.5059
5903,0.5482
5904,0.5734
5905,0.5749
5906,0.5052
5907,0.6188
5908,0.4937
5909,0.5735
5910,0.5751
5911,0.4966
5912,0.5399
5913,0.5609
5914,0.5632
5915,0.5082
5916,0.5565
5917,0.5736
5918,0.5741
5919,0.5257
5920,0.5945
5921,0.6061
5922,0.5551
5923,0.4932
5924,0.5354
5925,0.5588
5926,0.5510
5927,0.4912
5928,0.5157
5929,0.5623
5930,0.5648
5931,0.5553
5932,0.5647
5933,0.5400
5934,0.5095
5935,0.5273
5936,0.5592
5937,0.5142
5938,0.5544
5939,0.5555
5940,0.5398
5941,0.5596
5942,0.5207
5943,0.5189
5944,0.5744
5945,0.5221
5946,0.5432
5947,0.5123
5948,0.5132
5949,0.5803
5950,0.4647
5951,0.4823
5952,0.5264
5953,0.5167
5954,0.5769
5955,0.5294
5956,0.5515
5957,0.5580
5958,0.5205
5959,0.4812
5960,0.5453
5961,0.6144
5962,0.5242
5963,0.5490
5964,0.5351
5965,0.5903
5966,0.4800
5967,0.5446
5968,0.5629
5969,0.5842
5970,0.5126
5971,0.5051
5972,0.5308
5973,0.5842
5974,0.6291
5975,0.5828
5976,0.5641
5977,0.5169
5978,0.5640
5979,0.5258
5980,0.5336
5981,0.4927
5982,0.5561
5983,0.4928
5984,0.5972
5985,0.5573
5986,0.5328
5987,0.5452
5988,0.5887
5989,0.4936
5990,0.5807
5991,0.5880
5992,0.5910
5993,0.5189
5994,0.5140
5995,0.4806
5996,0.5327
5997,0.6095
5998,0.5503
5999,0.5550
6000,0.5567
6001,0.5395
6002,0.4759
6003,0.5084
6004,0.5534
6005,0.5718
6006,0.5572
6007,0.5464
6008,0.5732
6009,0.5551
6010,0.5908
6011,0.5060
6012,0.5919
6013,0.4794
6014,0.5613
6015,0.5321
6016,0.4869
6017,0.5810
6018,0.5783
6019,0.5330
6020,0.4959
6021,0.4573
6022,0.4955
6023,0.4815
6024,0.5631
6025,0.5317
6026,0.5306
6027,0.5446
6028,0.5939
6029,0.5153
6030,0.5470
6031,0.5653
6032,0.6325
6033,0.5953
6034,0.4642
6035,0.5078
6036,0.5201
6037,0.5301
6038,0.6142
6039,0.5087
6040,0.4779
6041,0.5441
6042,0.5210
6043,0.4953
6044,0.5017
6045,0.4754
6046,0.5555
6047,0.5293
6048,0.5139
6049,0.4652
6050,0.5405
6051,0.4929
6052,0.5256
6053,0.5515
6054,0.5224
6055,0.4678
6056,0.5093
6057,0.5609
6058,0.5334
6059,0.5607
6060,0.5559
6061,0.4980
6062,0.5250
6063,0.5460
6064,0.5730
6065,0.5294
6066,0.6104
6067,0.5178
6068,0.5626
6069,0.5106
6070,0.5235
6071,0.5359
6072,0.4768
6073,0.5460
6074,0.4858
6075,0.5806
6076,0.5076
6077,0.5992
6078,0.5535
6079,0.4846
6080,0.5312
6081,0.5162
6082,0.5212
6083,0.5549
6084,0.5613
6085,0.5472
6086,0.5726
6087,0.5234
6088,0.5349
6089,0.5631
6090,0.5718
6091,0.4796
6092,0.5259
6093,0.5406
6094,0.5204
6095,0.5113
6096,0.5878
6097,0.4790
6098,0.5341
6099,0.5378
6100,0.5735
6101,0.6211
6102,0.4761
6103,0.4362
6104,0.4485
6105,0.4793
6106,0.5279
6107,0.5738
6108,0.5489
6109,0.5329
6110,0.4688
6111,0.5232
6112,0.4635
6113,0.5236
6114,0.5166
6115,0.5487
6116,0.4693
6117,0.6022
6118,0.5330
6119,0.5478
6120,0.5549
6121,0.5335
6122,0.4978
6123,0.4827
6124,0.5542
6125,0.5151
6126,0.4919
6127,0.5408
6128,0.5747
6129,0.5507
6130,0.5075
6131,0.4569
6132,0.4815
6133,0.5063
6134,0.4639
6135,0.4869
6136,0.4981
6137,0.5149
6138,0.5305
6139,0.5451
6140,0.5226
6141,0.5432
6142,0.4842
6143,0.5541
6144,0.5131
6145,0.5240
6146,0.4370
6147,0.5242
6148,0.5368
6149,0.4725
6150,0.5499
6151,0.5233
6152,0.5580
6153,0.5588
6154,0.5013
6155,0.4524
6156,0.5239
6157,0.5891
6158,0.5462
6159,0.4872
6160,0.5670
6161,0.5538
6162,0.5967
6163,0.4574
6164,0.5176
6165,0.5072
6166,0.5462
6167,0.5335
6168,0.5794
6169,0.5529
6170,0.5074
6171,0.5396
6172,0.5373
6173,0.4806
6174,0.5482
6175,0.5100
6176,0.5126
6177,0.5141
6178,0.5598
6179,0.5270
6180,0.5045
6181,0.4569
6182,0.5442
6183,0.5017
6184,0.4615
6185,0.5963
6186,0.4440
6187,0.5297
6188,0.5100
6189,0.5591
6190,0.5316
6191,0.4554
6192,0.4729
6193,0.5020
6194,0.5854
6195,0.5628
6196,0.5736
6197,0.5079
6198,0.5208
6199,0.5082
6200,0.5358
6201,0.4692
6202,0.5236
6203,0.4857
6204,0.5815
6205,0.5210
6206,0.5085
6207,0.5590
6208,0.4823
6209,0.4859
6210,0.5263
6211,0.4504
6212,0.5259
6213,0.4818
6214,0.5479
6215,0.4994
6216,0.5201
6217,0.4795
6218,0.4602
6219,0.5642
6220,0.5496
6221,0.5345
6222,0.4992
6223,0.5502
6224,0.5254
6225,0.5170
6226,0.4770
6227,0.5059
6228,0.5273
6229,0.5054
6230,0.5030
6231,0.5356
6232,0.4716
6233,0.5000
6234,0.5212
6235,0.5039
6236,0.5443
6237,0.5492
6238,0.5326
6239,0.5121
6240,0.5130
6241,0.4626
6242,0.4996
6243,0.4559
6244,0.5138
6245,0.4696
6246,0.4842
6247,0.4883
6248,0.4491
6249,0.5713
6250,0.5482
6251,0.4582
6252,0.5493
6253,0.5735
6254,0.5264
6255,0.4817
6256,0.5127
6257,0.5019
6258,0.4915
6259,0.5014
6260,0.5424
6261,0.4731
6262,0.4692
6263,0.5318
6264,0.4684
6265,0.5464
6266,0.5893
6267,0.5233
6268,0.5024
6269,0.5046
6270,0.5302
6271,0.5050
6272,0.4795
6273,0.5407
6274,0.5050
6275,0.5171
6276,0.5288
6277,0.4740
6278,0.4976
6279,0.4986
6280,0.4718
6281,0.5260
6282,0.5009
6283,0.4262
6284,0.5182
6285,0.4605
6286,0.5651
6287,0.4950
6288,0.5058
6289,0.4992
6290,0.5324
6291,0.5582
6292,0.5388
6293,0.4898
6294,0.5372
6295,0.4997
6296,0.5007
6297,0.4968
6298,0.5284
6299,0.4862
6300,0.5690
6301,0.4817
6302,0.4992
6303,0.4891
6304,0.5002
6305,0.4452
6306,0.5174
6307,0.4937
6308,0.5897
6309,0.4857
6310,0.4747
6311,0.5520
6312,0.4783
6313,0.5077
6314,0.4972
6315,0.4580
6316,0.5628
6317,0.5516
6318,0.5169
6319,0.4897
6320,0.4786
6321,0.5351
6322,0.5224
6323,0.5283
6324,0.4555
6325,0.5388
6326,0.4847
6327,0.5064
6328,0.4923
6329,0.4583
6330,0.5138
6331,0.5130
6332,0.4720
6333,0.4879
6334,0.5261
6335,0.5288
6336,0.5588
6337,0.4983
6338,0.4382
6339,0.5449
6340,0.5004
6341,0.5295
6342,0.4730
6343,0.5553
6344,0.5051
6345,0.4625
6346,0.5022
6347,0.4840
6348,0.5441
6349,0.4437
6350,0.5344
6351,0.5011
6352,0.5509
6353,0.4804
6354,0.5589
6355,0.5118
6356,0.6029
6357,0.4313
6358,0.5563
6359,0.4645
6360,0.5062
6361,0.5722
6362,0.5081
6363,0.4885
6364,0.4852
6365,0.5073
6366,0.4833
6367,0.4652
6368,0.5233
6369,0.4902
6370,0.5009
6371,0.5465
6372,0.5000
6373,0.5060
6374,0.5344
6375,0.5002
6376,0.5245
6377,0.6124
6378,0.5470
6379,0.5116
6380,0.5423
6381,0.5823
6382,0.5073
6383,0.4758
6384,0.4570
6385,0.5131
6386,0.4305
6387,0.5018
6388,0.5698
6389,0.4881
6390,0.5393
6391,0.5194
6392,0.5560
6393,0.5612
6394,0.5343
6395,0.4635
6396,0.5125
6397,0.5194
6398,0.4742
6399,0.5073
6400,0.5245
6401,0.5341
6402,0.5097
6403,0.5187
6404,0.4610
6405,0.4983
6406,0.5697
6407,0.4848
6408,0.5281
6409,0.4926
6410,0.5239
6411,0.4279
6412,0.5135
6413,0.4664
6414,0.4706
6415,0.4467
6416,0.4629
6417,0.5413
6418,0.4903
6419,0.4615
6420,0.5968
6421,0.4229
6422,0.4235
6423,0.5176
6424,0.5845
6425,0.5152
6426,0.5605
6427,0.5092
6428,0.5098
6429,0.5113
6430,0.4393
6431,0.4982
6432,0.5574
6433,0.4801
6434,0.5356
6435,0.4878
6436,0.5402
6437,0.4758
6438,0.4994
6439,0.5422
6440,0.4804
6441,0.4842
6442,0.4798
6443,0.5088
6444,0.4636
6445,0.4936
6446,0.5303
6447,0.4759
6448,0.5386
6449,0.4276
6450,0.4884
6451,0.4744
6452,0.5300
6453,0.4925
6454,0.4533
6455,0.4667
6456,0.4847
6457,0.4790
6458,0.5028
6459,0.5129
6460,0.6075
6461,0.4621
6462,0.5237
6463,0.5049
6464,0.5306
6465,0.5538
6466,0.4505
6467,0.5417
6468,0.4953
6469,0.4704
6470,0.4737
6471,0.5102
6472,0.4879
6473,0.5254
6474,0.5975
6475,0.4734
6476,0.5172
6477,0.4695
6478,0.5015
6479,0.4704
6480,0.4597
6481,0.4624
6482,0.5144
6483,0.5055
6484,0.5521
6485,0.5238
6486,0.4660
6487,0.4903
6488,0.5176
6489,0.4490
6490,0.4956
6491,0.5183
6492,0.4384
6493,0.5158
6494,0.5437
6495,0.5166
6496,0.4951
6497,0.4558
6498,0.4732
6499,0.4357
6500,0.4666
6501,0.4982
6502,0.4605
6503,0.4434
6504,0.4938
6505,0.4802
6506,0.4593
6507,0.4530
6508,0.5592
6509,0.4977
6510,0.5108
6511,0.5025
6512,0.4985
6513,0.5203
6514,0.5050
6515,0.4945
6516,0.4557
6517,0.4922
6518,0.5095
6519,0.5158
6520,0.4158
6521,0.5058
6522,0.5328
6523,0.4890
6524,0.5708
6525,0.4585
6526,0.5528
6527,0.5807
6528,0.5094
6529,0.4931
6530,0.5015
6531,0.5267
6532,0.5030
6533,0.4927
6534,0.4547
6535,0.4382
6536,0.5229
6537,0.5077
6538,0.5052
6539,0.4753
6540,0.6012
6541,0.5036
6542,0.5432
6543,0.5063
6544,0.4986
6545,0.4947
6546,0.5062
6547,0.4731
6548,0.4712
6549,0.5287
6550,0.5076
6551,0.5534
6552,0.4575
6553,0.5443
6554,0.5148
6555,0.4939
6556,0.4729
6557,0.5116
6558,0.4877
6559,0.5052
6560,0.4801
6561,0.5697
6562,0.5470
6563,0.5377
6564,0.4892
6565,0.4887
6566,0.4548
6567,0.4600
6568,0.4746
6569,0.4884
6570,0.4485
6571,0.5498
6572,0.5550
6573,0.4893
6574,0.4635
6575,0.5033
6576,0.4560
6577,0.5633
6578,0.4752
6579,0.4766
6580,0.5409
6581,0.4969
6582,0.5012
6583,0.5326
6584,0.5099
6585,0.5096
6586,0.6067
6587,0.5008
6588,0.4879
6589,0.4558
6590,0.4853
6591,0.4687
6592,0.5342
6593,0.4956
6594,0.4720
6595,0.5074
6596,0.5298
6597,0.5003
6598,0.4945
6599,0.4907
6600,0.4797
6601,0.5248
6602,0.5505
6603,0.5004
6604,0.4693
6605,0.5466
6606,0.4837
6607,0.4793
6608,0.5129
6609,0.4905
6610,0.5706
6611,0.5071
6612,0.4757
6613,0.4890
6614,0.5480
6615,0.4870
6616,0.4147
6617,0.4676
6618,0.4895
6619,0.4131
6620,0.4746
6621,0.4725
6622,0.4656
6623,0.4949
6624,0.5503
6625,0.5249
6626,0.5063
6627,0.4747
6628,0.5236
6629,0.4814
6630,0.4705
6631,0.5476
6632,0.5072
6633,0.4607
6634,0.5089
6635,0.5002
6636,0.4869
6637,0.5412
6638,0.5016
6639,0.4907
6640,0.4352
6641,0.5029
6642,0.4988
6643,0.5144
6644,0.5159
6645,0.4352
6646,0.4690
6647,0.5067
6648,0.4601
6649,0.5007
6650,0.4597
6651,0.4626
6652,0.4722
6653,0.4802
6654,0.4703
6655,0.5170
6656,0.5440
6657,0.5261
6658,0.4674
6659,0.5557
6660,0.4889
6661,0.5017
6662,0.5084
6663,0.5037
6664,0.5147
6665,0.5024
6666,0.4936
6667,0.4672
6668,0.5309
6669,0.4682
6670,0.5027
6671,0.4822
6672,0.4948
6673,0.4518
6674,0.4940
6675,0.4993
6676,0.4754
6677,0.4738
6678,0.4323
6679,0.5085
6680,0.5761
6681,0.4443
6682,0.4797
6683,0.4830
6684,0.4378
6685,0.5562
6686,0.4730
6687,0.5385
6688,0.4912
6689,0.4642
6690,0.5049
6691,0.5117
6692,0.4994
6693,0.5182
6694,0.5703
6695,0.4679
6696,0.4987
6697,0.4548
6698,0.4653
6699,0.4562
6700,0.4724
6701,0.4644
6702,0.5110
6703,0.4946
6704,0.4684
6705,0.4670
6706,0.4718
6707,0.5176
6708,0.4417
6709,0.5002
6710,0.4677
6711,0.4417
6712,0.4812
6713,0.4566
6714,0.5027
6715,0.4798
6716,0.5182
6717,0.5110
6718,0.4208
6719,0.4763
6720,0.4945
6721,0.4649
6722,0.4990
6723,0.4776
6724,0.5195
6725,0.4789
6726,0.4720
6727,0.5175
6728,0.4954
6729,0.5603
6730,0.4638
6731,0.4810
6732,0.4925
6733,0.4347
6734,0.4303
6735,0.4797
6736,0.4616
6737,0.5045
6738,0.4132
6739,0.4526
6740,0.4311
6741,0.5036
6742,0.4347
6743,0.4403
6744,0.5414
6745,0.4664
6746,0.4734
6747,0.5112
6748,0.4912
6749,0.4414
6750,0.4374
6751,0.4705
6752,0.5060
6753,0.5035
6754,0.4491
6755,0.4575
6756,0.5457
6757,0.4598
6758,0.5225
6759,0.4507
6760,0.4598
6761,0.4385
6762,0.4879
6763,0.4946
6764,0.4353
6765,0.4586
6766,0.5316
6767,0.5819
6768,0.4915
6769,0.5016
6770,0.5257
6771,0.5545
6772,0.4727
6773,0.5112
6774,0.5282
6775,0.4927
6776,0.4863
6777,0.4538
6778,0.5375
6779,0.4280
6780,0.5260
6781,0.5001
6782,0.4507
6783,0.4333
6784,0.4162
6785,0.4642
6786,0.4970
6787,0.4473
6788,0.4402
6789,0.5254
6790,0.4775
6791,0.5509
6792,0.5518
6793,0.4719
6794,0.4748
6795,0.5007
6796,0.4704
6797,0.4704
6798,0.5334
6799,0.4613
6800,0.4769
6801,0.5791
6802,0.5090
6803,0.5023
6804,0.4738
6805,0.5278
6806,0.4909
6807,0.4825
6808,0.4007
6809,0.5238
6810,0.4823
6811,0.4467
6812,0.5377
6813,0.4609
6814,0.4640
6815,0.4702
6816,0.4560
6817,0.4719
6818,0.4659
6819,0.5365
6820,0.4970
6821,0.5244
6822,0.4917
6823,0.4460
6824,0.5500
6825,0.4237
6826,0.4475
6827,0.4919
6828,0.5103
6829,0.5102
6830,0.4568
6831,0.4408
6832,0.5545
6833,0.4589
6834,0.4463
6835,0.5317
6836,0.5184
6837,0.4968
6838,0.5305
6839,0.4649
6840,0.5143
6841,0.4970
6842,0.5686
6843,0.4906
6844,0.4486
6845,0.5139
6846,0.4938
6847,0.5134
6848,0.4935
6849,0.5622
6850,0.5296
6851,0.4554
6852,0.4739
6853,0.4920
6854,0.4994
6855,0.4346
6856,0.5287
6857,0.4334
6858,0.4925
6859,0.4359
6860,0.5212
6861,0.4490
6862,0.4734
6863,0.4252
6864,0.4420
6865,0.4325
6866,0.4724
6867,0.5320
6868,0.5075
6869,0.4295
6870,0.4776
6871,0.4248
6872,0.5489
6873,0.4957
6874,0.4343
6875,0.5126
6876,0.4485
6877,0.4473
6878,0.4684
6879,0.4301
6880,0.4551
6881,0.5069
6882,0.4642
6883,0.4865
6884,0.5037
6885,0.5222
6886,0.4873
6887,0.5165
6888,0.5191
6889,0.4700
6890,0.4299
6891,0.5203
6892,0.4453
6893,0.4827
6894,0.4426
6895,0.4922
6896,0.4578
6897,0.4343
6898,0.4828
6899,0.4406
6900,0.4487
6901,0.4438
6902,0.5178
6903,0.5078
6904,0.5313
6905,0.5077
6906,0.4359
6907,0.5191
6908,0.5282
6909,0.5165
6910,0.5223
6911,0.4660
6912,0.4941
6913,0.4814
6914,0.5150
6915,0.4783
6916,0.3977
6917,0.4606
6918,0.4603
6919,0.3853
6920,0.4490
6921,0.4692
6922,0.4732
6923,0.4865
6924,0.4597
6925,0.5000
6926,0.5571
6927,0.4204
6928,0.4517
6929,0.4632
6930,0.5011
6931,0.4721
6932,0.5069
6933,0.4614
6934,0.4290
6935,0.4738
6936,0.4444
6937,0.4935
6938,0.5061
6939,0.4844
6940,0.4656
6941,0.4920
6942,0.4955
6943,0.5353
6944,0.5159
6945,0.4736
6946,0.5195
6947,0.4785
6948,0.4780
6949,0.5326
6950,0.4902
6951,0.4689
6952,0.4838
6953,0.4530
6954,0.4861
6955,0.4600
6956,0.5082
6957,0.4875
6958,0.5065
6959,0.5037
6960,0.4452
6961,0.4276
6962,0.4758
6963,0.4741
6964,0.4714
6965,0.4355
6966,0.4368
6967,0.4509
6968,0.4696
6969,0.5072
6970,0.4864
6971,0.4967
6972,0.5081
6973,0.4654
6974,0.4807
6975,0.4910
6976,0.4442
6977,0.5438
6978,0.5269
6979,0.4064
6980,0.4710
6981,0.4471
6982,0.5254
6983,0.5075
6984,0.4427
6985,0.4993
6986,0.4869
6987,0.4255
6988,0.4771
6989,0.5007
6990,0.4420
6991,0.4735
6992,0.4827
6993,0.4647
6994,0.4802
6995,0.4674
6996,0.4368
6997,0.4899
6998,0.4747
6999,0.4648
7000,0.5052
7001,0.4823
7002,0.5356
7003,0.4345
7004,0.4658
7005,0.4672
7006,0.4698
7007,0.4405
7008,0.4842
7009,0.4976
7010,0.4119
7011,0.4049
7012,0.4599
7013,0.4766
7014,0.4031
7015,0.4280
7016,0.4959
7017,0.4755
7018,0.4815
7019,0.4485
7020,0.4487
7021,0.4258
7022,0.4072
7023,0.4369
7024,0.4650
7025,0.4469
7026,0.5609
7027,0.4665
7028,0.4775
7029,0.4624
7030,0.4686
7031,0.4602
7032,0.5001
7033,0.4545
7034,0.5163
7035,0.4363
7036,0.5121
7037,0.4507
7038,0.4020
7039,0.4722
7040,0.4924
7041,0.4408
7042,0.4541
7043,0.4872
7044,0.4737
7045,0.5092
7046,0.4766
7047,0.4528
7048,0.4797
7049,0.4948
7050,0.4430
7051,0.4825
7052,0.4263
7053,0.4675
7054,0.5001
7055,0.4374
7056,0.4779
7057,0.5033
7058,0.4845
7059,0.5498
7060,0.5090
7061,0.5650
7062,0.4778
7063,0.4974
7064,0.4641
7065,0.5140
7066,0.4300
7067,0.4447
7068,0.4306
7069,0.4621
7070,0.4704
7071,0.4928
7072,0.4607
7073,0.4491
7074,0.4908
7075,0.4744
7076,0.4653
7077,0.4933
7078,0.4444
7079,0.4713
7080,0.4556
7081,0.3854
7082,0.4602
7083,0.4708
7084,0.4302
7085,0.4533
7086,0.4392
7087,0.4489
7088,0.4938
7089,0.4803
7090,0.5261
7091,0.4720
7092,0.4699
7093,0.4780
7094,0.4635
7095,0.5075
7096,0.4853
7097,0.4485
7098,0.4535
7099,0.4085
7100,0.5322
7101,0.4329
7102,0.4915
7103,0.4690
7104,0.4936
7105,0.4485
7106,0.4767
7107,0.4570
7108,0.4527
7109,0.4656
7110,0.4703
7111,0.4238
7112,0.4344
7113,0.4677
7114,0.4768
7115,0.4489
7116,0.4886
7117,0.4786
7118,0.4921
7119,0.4873
7120,0.4582
7121,0.4382
7122,0.4852
7123,0.4380
7124,0.4311
7125,0.4662
7126,0.4398
7127,0.4887
7128,0.4888
7129,0.5193
7130,0.4455
7131,0.4800
7132,0.4821
7133,0.4935
7134,0.4995
7135,0.5472
7136,0.4448
7137,0.4613
7138,0.4487
7139,0.4943
7140,0.5161
7141,0.4487
7142,0.4543
7143,0.4204
7144,0.4572
7145,0.4755
7146,0.4627
7147,0.4394
7148,0.4557
7149,0.4684
7150,0.4556
7151,0.4681
7152,0.4417
7153,0.4566
7154,0.4552
7155,0.4509
7156,0.4314
7157,0.4157
7158,0.4272
7159,0.5157
7160,0.4206
7161,0.4820
7162,0.4536
7163,0.4938
7164,0.4419
7165,0.4478
7166,0.4926
7167,0.4400
7168,0.4395
7169,0.4604
7170,0.4716
7171,0.4183
7172,0.4656
7173,0.4913
7174,0.4473
7175,0.5261
7176,0.4446
7177,0.4608
7178,0.4296
7179,0.4347
7180,0.4634
7181,0.4318
7182,0.4668
7183,0.4635
7184,0.5006
7185,0.4525
7186,0.3943
7187,0.5017
7188,0.4112
7189,0.4433
7190,0.4430
7191,0.5026
7192,0.4562
7193,0.4986
7194,0.5131
7195,0.4400
7196,0.4414
7197,0.4391
7198,0.4479
7199,0.3992
7200,0.4469
7201,0.4056
7202,0.4610
7203,0.4810
7204,0.4726
7205,0.4816
7206,0.4480
7207,0.4659
7208,0.3986
7209,0.5020
7210,0.4009
7211,0.4706
7212,0.4159
7213,0.4501
7214,0.4857
7215,0.4716
7216,0.4607
7217,0.4358
7218,0.4653
7219,0.4121
7220,0.4406
7221,0.4402
7222,0.4820
7223,0.4566
7224,0.4286
7225,0.4640
7226,0.3917
7227,0.4661
7228,0.4753
7229,0.4896
7230,0.4362
7231,0.4511
7232,0.3992
7233,0.3908
7234,0.4802
7235,0.4321
7236,0.4687
7237,0.5039
7238,0.4669
7239,0.4825
7240,0.5108
7241,0.4892
7242,0.4232
7243,0.4690
7244,0.4298
7245,0.4836
7246,0.4782
7247,0.4059
7248,0.4823
7249,0.4525
7250,0.4410
7251,0.4842
7252,0.4385
7253,0.4820
7254,0.4586
7255,0.4379
7256,0.4763
7257,0.4500
7258,0.4669
7259,0.4847
7260,0.4447
7261,0.4549
7262,0.4610
7263,0.4526
7264,0.4407
7265,0.4581
7266,0.4478
7267,0.4204
7268,0.4194
7269,0.4402
7270,0.4954
7271,0.4606
7272,0.4531
7273,0.4271
7274,0.3924
7275,0.4343
7276,0.4335
7277,0.4459
7278,0.4645
7279,0.4322
7280,0.4670
7281,0.5003
7282,0.4378
7283,0.4131
7284,0.4689
7285,0.4584
7286,0.4940
7287,0.5096
7288,0.4176
7289,0.4522
7290,0.4976
7291,0.4348
7292,0.4467
7293,0.4852
7294,0.4448
7295,0.4325
7296,0.4538
7297,0.4870
7298,0.4596
7299,0.4635
7300,0.4675
7301,0.4210
7302,0.4622
7303,0.4020
7304,0.4043
7305,0.4364
7306,0.4667
7307,0.4554
7308,0.4366
7309,0.4810
7310,0.4621
7311,0.4451
7312,0.4207
7313,0.4947
7314,0.4698
7315,0.4643
7316,0.4606
7317,0.5118
7318,0.4992
7319,0.4417
7320,0.4728
7321,0.3938
7322,0.4464
7323,0.4124
7324,0.5180
7325,0.4700
7326,0.4172
7327,0.4392
7328,0.4197
7329,0.3776
7330,0.4365
7331,0.3870
7332,0.4669
7333,0.4035
7334,0.4327
7335,0.4524
7336,0.4438
7337,0.3839
7338,0.4180
7339,0.4780
7340,0.4821
7341,0.4114
7342,0.4696
7343,0.4124
7344,0.4805
7345,0.4671
7346,0.4354
7347,0.4741
7348,0.4199
7349,0.4442
7350,0.5093
7351,0.3917
7352,0.5103
7353,0.4850
7354,0.4768
7355,0.4729
7356,0.4161
7357,0.4269
7358,0.4532
7359,0.4455
7360,0.4264
7361,0.4633
7362,0.4191
7363,0.4729
7364,0.5202
7365,0.4676
7366,0.4273
7367,0.4844
7368,0.4080
7369,0.4799
7370,0.4567
7371,0.4833
7372,0.4562
7373,0.4890
7374,0.4507
7375,0.4569
7376,0.4323
7377,0.4515
7378,0.4439
7379,0.4664
7380,0.4008
7381,0.4706
7382,0.4981
7383,0.5110
7384,0.4174
7385,0.4823
7386,0.4459
7387,0.4575
7388,0.4457
7389,0.4714
7390,0.4955
7391,0.4488
7392,0.4372
7393,0.4314
7394,0.4674
7395,0.5431
7396,0.4052
7397,0.4462
7398,0.4602
7399,0.4523
7400,0.4548
7401,0.4577
7402,0.4409
7403,0.4850
7404,0.4523
7405,0.4452
7406,0.4793
7407,0.4457
7408,0.4410
7409,0.4166
7410,0.4851
7411,0.4215
7412,0.4318
7413,0.4867
7414,0.4914
7415,0.3875
7416,0.4558
7417,0.4920
7418,0.4225
7419,0.5082
7420,0.4626
7421,0.4759
7422,0.4502
7423,0.4110
7424,0.4710
7425,0.4481
7426,0.4671
7427,0.4789
7428,0.4620
7429,0.4296
7430,0.4328
7431,0.4112
7432,0.4362
7433,0.4593
7434,0.3998
7435,0.4599
7436,0.3899
7437,0.4460
7438,0.4681
7439,0.4582
7440,0.5088
7441,0.4158
7442,0.4622
7443,0.4470
7444,0.4484
7445,0.4559
7446,0.4046
7447,0.4693
7448,0.4309
7449,0.4593
7450,0.4349
7451,0.4290
7452,0.4353
7453,0.4422
7454,0.5079
7455,0.5045
7456,0.4635
7457,0.4296
7458,0.4469
7459,0.4619
7460,0.4645
7461,0.4101
7462,0.5015
7463,0.3867
7464,0.4193
7465,0.4336
7466,0.4326
7467,0.3988
7468,0.4346
7469,0.4733
7470,0.4449
7471,0.4619
7472,0.4505
7473,0.4570
7474,0.4147
7475,0.4706
7476,0.4199
7477,0.4585
7478,0.4381
7479,0.4669
7480,0.4589
7481,0.3992
7482,0.4422
7483,0.4889
7484,0.4555
7485,0.3928
7486,0.4266
7487,0.4416
7488,0.4378
7489,0.4619
7490,0.4533
7491,0.4595
7492,0.4815
7493,0.4521
7494,0.4549
7495,0.4235
7496,0.4560
7497,0.4144
7498,0.4550
7499,0.3883
7500,0.4193
7501,0.4459
7502,0.3668
7503,0.4629
7504,0.4460
7505,0.4099
7506,0.5229
7507,0.4820
7508,0.4258
7509,0.4372
7510,0.4053
7511,0.4916
7512,0.4819
7513,0.4413
7514,0.4320
7515,0.4089
7516,0.4501
7517,0.4185
7518,0.4827
7519,0.4869
7520,0.4851
7521,0.4936
7522,0.4547
7523,0.4373
7524,0.5139
7525,0.3543
7526,0.4616
7527,0.4403
7528,0.4276
7529,0.4171
7530,0.4125
7531,0.4451
7532,0.4689
7533,0.4501
7534,0.3633
7535,0.4492
7536,0.4205
7537,0.4534
7538,0.3841
7539,0.4782
7540,0.4956
7541,0.4283
7542,0.4559
7543,0.3913
7544,0.4156
7545,0.4313
7546,0.4254
7547,0.4496
7548,0.4196
7549,0.4300
7550,0.4125
7551,0.4239
7552,0.4744
7553,0.4542
7554,0.3619
7555,0.4524
7556,0.4600
7557,0.4020
7558,0.4068
7559,0.4579
7560,0.4415
7561,0.4658
7562,0.4230
7563,0.4548
7564,0.4058
7565,0.4081
7566,0.4704
7567,0.4342
7568,0.4589
7569,0.4324
7570,0.4144
7571,0.4289
7572,0.4407
7573,0.4131
7574,0.4026
7575,0.4545
7576,0.4457
7577,0.4136
7578,0.4162
7579,0.4251
7580,0.4508
7581,0.4895
7582,0.4168
7583,0.4247
7584,0.4646
7585,0.4142
7586,0.4015
7587,0.4313
7588,0.4688
7589,0.4537
7590,0.4902
7591,0.4205
7592,0.4638
7593,0.4250
7594,0.4025
7595,0.4480
7596,0.4806
7597,0.4458
7598,0.4618
7599,0.3997
7600,0.4707
7601,0.4728
7602,0.4325
7603,0.4028
7604,0.4313
7605,0.4580
7606,0.3886
7607,0.4313
7608,0.4317
7609,0.4809
7610,0.4243
7611,0.4572
7612,0.4697
7613,0.4224
7614,0.4597
7615,0.4380
7616,0.4454
7617,0.4520
7618,0.5156
7619,0.4287
7620,0.4624
7621,0.4476
7622,0.4613
7623,0.3823
7624,0.4593
7625,0.4377
7626,0.4641
7627,0.4106
7628,0.4122
7629,0.4356
7630,0.4797
7631,0.4856
7632,0.3900
7633,0.4266
7634,0.4550
7635,0.4354
7636,0.4449
7637,0.4661
7638,0.4270
7639,0.4775
7640,0.3859
7641,0.4467
7642,0.4578
7643,0.4181
7644,0.4263
7645,0.4484
7646,0.4523
7647,0.3940
7648,0.4672
7649,0.4110
7650,0.4633
7651,0.3804
7652,0.3799
7653,0.4755
7654,0.4499
7655,0.4946
7656,0.4319
7657,0.4634
7658,0.4538
7659,0.4319
7660,0.4547
7661,0.4547
7662,0.4526
7663,0.4335
7664,0.4697
7665,0.5002
7666,0.4039
7667,0.4353
7668,0.4150
7669,0.4097
7670,0.4056
7671,0.4197
7672,0.4981
7673,0.4401
7674,0.4202
7675,0.4183
7676,0.3990
7677,0.4020
7678,0.4381
7679,0.4750
7680,0.3958
7681,0.4691
7682,0.4498
7683,0.3585
7684,0.4100
7685,0.4092
7686,0.4496
7687,0.4414
7688,0.4186
7689,0.4036
7690,0.4314
7691,0.4336
7692,0.4340
7693,0.4592
7694,0.4472
7695,0.4184
7696,0.4169
7697,0.3666
7698,0.4400
7699,0.4216
7700,0.4423
7701,0.3811
7702,0.4398
7703,0.4380
7704,0.4165
7705,0.4635
7706,0.4673
7707,0.4563
7708,0.4021
7709,0.4374
7710,0.4382
7711,0.4585
7712,0.4187
7713,0.4082
7714,0.4382
7715,0.3852
7716,0.3713
7717,0.4241
7718,0.4418
7719,0.4094
7720,0.4163
7721,0.4245
7722,0.4245
7723,0.4492
7724,0.4394
7725,0.4621
7726,0.4667
7727,0.4133
7728,0.4153
7729,0.3706
7730,0.4100
7731,0.4478
7732,0.4252
7733,0.4562
7734,0.4733
7735,0.4438
7736,0.3670
7737,0.4553
7738,0.4268
7739,0.4321
7740,0.4789
7741,0.4214
7742,0.4797
7743,0.3946
7744,0.4272
7745,0.4602
7746,0.3913
7747,0.4369
7748,0.4917
7749,0.4370
7750,0.4226
7751,0.4152
7752,0.4561
7753,0.4528
7754,0.4023
7755,0.4043
7756,0.3709
7757,0.4697
7758,0.4373
7759,0.4360
7760,0.4138
7761,0.4719
7762,0.4736
7763,0.3954
7764,0.4093
7765,0.4126
7766,0.3817
7767,0.4150
7768,0.3975
7769,0.4247
7770,0.3929
7771,0.4387
7772,0.4472
7773,0.4364
7774,0.4218
7775,0.4749
7776,0.4533
7777,0.4106
7778,0.4096
7779,0.4343
7780,0.4426
7781,0.4540
7782,0.4011
7783,0.4412
7784,0.3767
7785,0.4288
7786,0.4585
7787,0.4280
7788,0.4294
7789,0.4413
7790,0.3886
7791,0.4363
7792,0.4532
7793,0.4202
7794,0.4320
7795,0.4464
7796,0.4243
7797,0.4388
7798,0.4116
7799,0.4852
7800,0.4540
7801,0.4146
7802,0.3884
7803,0.4660
7804,0.4263
7805,0.3857
7806,0.4371
7807,0.4647
7808,0.4611
7809,0.4903
7810,0.4027
7811,0.4282
7812,0.4231
7813,0.4202
7814,0.4016
7815,0.4420
7816,0.4047
7817,0.4698
7818,0.4483
7819,0.4602
7820,0.4201
7821,0.3972
7822,0.4157
7823,0.4377
7824,0.4903
7825,0.4444
7826,0.4605
7827,0.4378
7828,0.4821
7829,0.4434
7830,0.4275
7831,0.3793
7832,0.4806
7833,0.4273
7834,0.4265
7835,0.4035
7836,0.4236
7837,0.4309
7838,0.4954
7839,0.3851
7840,0.4205
7841,0.4865
7842,0.4199
7843,0.4463
7844,0.4290
7845,0.4004
7846,0.4157
7847,0.4241
7848,0.4198
7849,0.4002
7850,0.4795
7851,0.3979
7852,0.4019
7853,0.4659
7854,0.4086
7855,0.4286
7856,0.4340
7857,0.4854
7858,0.4673
7859,0.4361
7860,0.4249
7861,0.4479
7862,0.3931
7863,0.3638
7864,0.3837
7865,0.3892
7866,0.4266
7867,0.4378
7868,0.4545
7869,0.4613
7870,0.4271
7871,0.3685
7872,0.4190
7873,0.4138
7874,0.4038
7875,0.4220
7876,0.4314
7877,0.4248
7878,0.4349
7879,0.4086
7880,0.3619
7881,0.4320
7882,0.3823
7883,0.4761
7884,0.4448
7885,0.4264
7886,0.4245
7887,0.4384
7888,0.3951
7889,0.4293
7890,0.3927
7891,0.4462
7892,0.4734
7893,0.4214
7894,0.4550
7895,0.4333
7896,0.4071
7897,0.4095
7898,0.3829
7899,0.4380
7900,0.4126
7901,0.4097
7902,0.3949
7903,0.3825
7904,0.4611
7905,0.4002
7906,0.4259
7907,0.3463
7908,0.4359
7909,0.3825
7910,0.4775
7911,0.4581
7912,0.3939
7913,0.4508
7914,0.4264
7915,0.4710
7916,0.4080
7917,0.4599
7918,0.3846
7919,0.4066
7920,0.4182
7921,0.4217
7922,0.3594
7923,0.4707
7924,0.3893
7925,0.4238
7926,0.4471
7927,0.4478
7928,0.4042
7929,0.4200
7930,0.3622
7931,0.4255
7932,0.4179
7933,0.4390
7934,0.3942
7935,0.3863
7936,0.4206
7937,0.4328
7938,0.4692
7939,0.4492
7940,0.4306
7941,0.3282
7942,0.3933
7943,0.3980
7944,0.4011
7945,0.4580
7946,0.3920
7947,0.4461
7948,0.4264
7949,0.4489
7950,0.4211
7951,0.4353
7952,0.5066
7953,0.4098
7954,0.4270
7955,0.4527
7956,0.4052
7957,0.4244
7958,0.4017
7959,0.4316
7960,0.4456
7961,0.4643
7962,0.3631
7963,0.4256
7964,0.4379
7965,0.4777
7966,0.4165
7967,0.4305
7968,0.4025
7969,0.4164
7970,0.3978
7971,0.4623
7972,0.4430
7973,0.4120
7974,0.4423
7975,0.4041
7976,0.4464
7977,0.4231
7978,0.4659
7979,0.4459
7980,0.4661
7981,0.4457
7982,0.5060
7983,0.4512
7984,0.4394
7985,0.4193
7986,0.4280
7987,0.4433
7988,0.4610
7989,0.4468
7990,0.4254
7991,0.3671
7992,0.4262
7993,0.4166
7994,0.4095
7995,0.4042
7996,0.4338
7997,0.3743
7998,0.4590
7999,0.4343
8000,0.3810
8001,0.3899
8002,0.4474
8003,0.4420
8004,0.4040
8005,0.4622
8006,0.4025
8007,0.4439
8008,0.3723
8009,0.3984
8010,0.3989
8011,0.4007
8012,0.4555
8013,0.3943
8014,0.4126
8015,0.3728
8016,0.4059
8017,0.4014
8018,0.4165
8019,0.4180
8020,0.4035
8021,0.4495
8022,0.3769
8023,0.4647
8024,0.3737
8025,0.3832
8026,0.4108
8027,0.3948
8028,0.4491
8029,0.4166
8030,0.3964
8031,0.4203
8032,0.4098
8033,0.3723
8034,0.4559
8035,0.4243
8036,0.4371
8037,0.4239
8038,0.4154
8039,0.4077
8040,0.3975
8041,0.4327
8042,0.4350
8043,0.4356
8044,0.4233
8045,0.3954
8046,0.4045
8047,0.3660
8048,0.4195
8049,0.4203
8050,0.4746
8051,0.3803
8052,0.4284
8053,0.4333
8054,0.4663
8055,0.4221
8056,0.4477
8057,0.4236
8058,0.3650
8059,0.4012
8060,0.4459
8061,0.4030
8062,0.4824
8063,0.4108
8064,0.4362
8065,0.4102
8066,0.4033
8067,0.4552
8068,0.3981
8069,0.4382
8070,0.4194
8071,0.3641
8072,0.4186
8073,0.4323
8074,0.3823
8075,0.4105
8076,0.4170
8077,0.4077
8078,0.3836
8079,0.4646
8080,0.4887
8081,0.4005
8082,0.3970
8083,0.4205
8084,0.4201
8085,0.4142
8086,0.4329
8087,0.4333
8088,0.3992
8089,0.4220
8090,0.4135
8091,0.4446
8092,0.4361
8093,0.4239
8094,0.4234
8095,0.4359
8096,0.3974
8097,0.3949
8098,0.3856
8099,0.4066
8100,0.4042
8101,0.4341
8102,0.3700
8103,0.4629
8104,0.4799
8105,0.4394
8106,0.4095
8107,0.3744
8108,0.4023
8109,0.3376
8110,0.4206
8111,0.4111
8112,0.4004
8113,0.3966
8114,0.3971
8115,0.4399
8116,0.3952
8117,0.3912
8118,0.3999
8119,0.4039
8120,0.4545
8121,0.4394
8122,0.4232
8123,0.4209
8124,0.4552
8125,0.4220
8126,0.3736
8127,0.3975
8128,0.4760
8129,0.4192
8130,0.4514
8131,0.4616
8132,0.3817
8133,0.4351
8134,0.3937
8135,0.4435
8136,0.3525
8137,0.4571
8138,0.3932
8139,0.4062
8140,0.4130
8141,0.4304
8142,0.4216
8143,0.3908
8144,0.4314
8145,0.4260
8146,0.4626
8147,0.4075
8148,0.4139
8149,0.4332
8150,0.4129
8151,0.4498
8152,0.4063
8153,0.4192
8154,0.3520
8155,0.3831
8156,0.4387
8157,0.3920
8158,0.4015
8159,0.3777
8160,0.4260
8161,0.3698
8162,0.3477
8163,0.4349
8164,0.4424
8165,0.4281
8166,0.4626
8167,0.4354
8168,0.4274
8169,0.4237
8170,0.4270
8171,0.4357
8172,0.4212
8173,0.3663
8174,0.3792
8175,0.3709
8176,0.4167
8177,0.3736
8178,0.4341
8179,0.3856
8180,0.4474
8181,0.4367
8182,0.4080
8183,0.3895
8184,0.4018
8185,0.4094
8186,0.3927
8187,0.4091
8188,0.3715
8189,0.3780
8190,0.5011
8191,0.4117
8192,0.4200
8193,0.4200
8194,0.4452
8195,0.3667
8196,0.4443
8197,0.4148
8198,0.3975
8199,0.4576
8200,0.4091
8201,0.3758
8202,0.3524
8203,0.4195
8204,0.4113
8205,0.4457
8206,0.4181
8207,0.3875
8208,0.4020
8209,0.4035
8210,0.3753
8211,0.3832
8212,0.3927
8213,0.3731
8214,0.3865
8215,0.4309
8216,0.4613
8217,0.4310
8218,0.4803
8219,0.4563
8220,0.4044
8221,0.3956
8222,0.3818
8223,0.4142
8224,0.3658
8225,0.3834
8226,0.3683
8227,0.3764
8228,0.4310
8229,0.3886
8230,0.3921
8231,0.3769
8232,0.4146
8233,0.3936
8234,0.3929
8235,0.4225
8236,0.4022
8237,0.3492
8238,0.4136
8239,0.4035
8240,0.3692
8241,0.4009
8242,0.3899
8243,0.3670
8244,0.3798
8245,0.4196
8246,0.4289
8247,0.3722
8248,0.4101
8249,0.3901
8250,0.3730
8251,0.4315
8252,0.3810
8253,0.3824
8254,0.4091
8255,0.3868
8256,0.4403
8257,0.3834
8258,0.4223
8259,0.4151
8260,0.3932
8261,0.4071
8262,0.4446
8263,0.4033
8264,0.3874
8265,0.3832
8266,0.4317
8267,0.3847
8268,0.3774
8269,0.3767
8270,0.3649
8271,0.3895
8272,0.4121
8273,0.4538
8274,0.4453
8275,0.3696
8276,0.3658
8277,0.3838
8278,0.3846
8279,0.3927
8280,0.4137
8281,0.4250
8282,0.3942
8283,0.3936
8284,0.4527
8285,0.4094
8286,0.4408
8287,0.4335
8288,0.4428
8289,0.3708
8290,0.4490
8291,0.4581
8292,0.4194
8293,0.4086
8294,0.3504
8295,0.4062
8296,0.4585
8297,0.3736
8298,0.3802
8299,0.3904
8300,0.4235
8301,0.3891
8302,0.4109
8303,0.4463
8304,0.4622
8305,0.4217
8306,0.3991
8307,0.3733
8308,0.4470
8309,0.4291
8310,0.4365
8311,0.3472
8312,0.4025
8313,0.4185
8314,0.3815
8315,0.3899
8316,0.4119
8317,0.4010
8318,0.4477
8319,0.3575
8320,0.4393
8321,0.4046
8322,0.3741
8323,0.3730
8324,0.4244
8325,0.4023
8326,0.3614
8327,0.3814
8328,0.4227
8329,0.4003
8330,0.3922
8331,0.3619
8332,0.4230
8333,0.3871
8334,0.4175
8335,0.3794
8336,0.4254
8337,0.3738
8338,0.4409
8339,0.4049
8340,0.4419
8341,0.4066
8342,0.3840
8343,0.4103
8344,0.4148
8345,0.3899
8346,0.4362
8347,0.3674
8348,0.4121
8349,0.4066
8350,0.4208
8351,0.3921
8352,0.4074
8353,0.4429
8354,0.3888
8355,0.4527
8356,0.4190
8357,0.4332
8358,0.3723
8359,0.3926
8360,0.4053
8361,0.3939
8362,0.3806
8363,0.4281
8364,0.3948
8365,0.4170
8366,0.3873
8367,0.4441
8368,0.4118
8369,0.4381
8370,0.4164
8371,0.3940
8372,0.3912
8373,0.4329
8374,0.3969
8375,0.3951
8376,0.4289
8377,0.3595
8378,0.4027
8379,0.3440
8380,0.3714
8381,0.4181
8382,0.4654
8383,0.3788
8384,0.4151
8385,0.4793
8386,0.3897
8387,0.4217
8388,0.4231
8389,0.4282
8390,0.3550
8391,0.3994
8392,0.4055
8393,0.4564
8394,0.3781
8395,0.4261
8396,0.3545
8397,0.3699
8398,0.4170
8399,0.4184
8400,0.4029
8401,0.3731
8402,0.4117
8403,0.4121
8404,0.4229
8405,0.3545
8406,0.4186
8407,0.4042
8408,0.4057
8409,0.4235
8410,0.3903
8411,0.4474
8412,0.3890
8413,0.3648
8414,0.4361
8415,0.3978
8416,0.3911
8417,0.4030
8418,0.4129
8419,0.4317
8420,0.4169
8421,0.3769
8422,0.4017
8423,0.3630
8424,0.4024
8425,0.4625
8426,0.4120
8427,0.3552
8428,0.4280
8429,0.3976
8430,0.4058
8431,0.4319
8432,0.3639
8433,0.3840
8434,0.4044
8435,0.4203
8436,0.3782
8437,0.4802
8438,0.3745
8439,0.4440
8440,0.3921
8441,0.3890
8442,0.4275
8443,0.4433
8444,0.4435
8445,0.4135
8446,0.3843
8447,0.3957
8448,0.3546
8449,0.4198
8450,0.3729
8451,0.4189
8452,0.4012
8453,0.3824
8454,0.4028
8455,0.3944
8456,0.4133
8457,0.3719
8458,0.3558
8459,0.4553
8460,0.3543
8461,0.3888
8462,0.3556
8463,0.3797
8464,0.4001
8465,0.4245
8466,0.4371
8467,0.4239
8468,0.3228
8469,0.3943
8470,0.4000
8471,0.3676
8472,0.4490
8473,0.3821
8474,0.4497
8475,0.3921
8476,0.3986
8477,0.3944
8478,0.4281
8479,0.3671
8480,0.4056
8481,0.3918
8482,0.3551
8483,0.3907
8484,0.4242
8485,0.4278
8486,0.4003
8487,0.4041
8488,0.4276
8489,0.3530
8490,0.4130
8491,0.4171
8492,0.4406
8493,0.4156
8494,0.4453
8495,0.4270
8496,0.4260
8497,0.3993
8498,0.3530
8499,0.4016
8500,0.3817
8501,0.3582
8502,0.3879
8503,0.4240
8504,0.4277
8505,0.4076
8506,0.3893
8507,0.3853
8508,0.3932
8509,0.4001
8510,0.3707
8511,0.3777
8512,0.4071
8513,0.3769
8514,0.4273
8515,0.3778
8516,0.3844
8517,0.3814
8518,0.3891
8519,0.4240
8520,0.4316
8521,0.3962
8522,0.3537
8523,0.4078
8524,0.4180
8525,0.4452
8526,0.3891
8527,0.3847
8528,0.3655
8529,0.4234
8530,0.3926
8531,0.4091
8532,0.3785
8533,0.3854
8534,0.4040
8535,0.3790
8536,0.3833
8537,0.4028
8538,0.3787
8539,0.4053
8540,0.4113
8541,0.3894
8542,0.3835
8543,0.3967
8544,0.4371
8545,0.3771
8546,0.3341
8547,0.3392
8548,0.3948
8549,0.3951
8550,0.4152
8551,0.3866
8552,0.3996
8553,0.4286
8554,0.3720
8555,0.4475
8556,0.4129
8557,0.3554
8558,0.3688
8559,0.3534
8560,0.4456
8561,0.3706
8562,0.4390
8563,0.3676
8564,0.4038
8565,0.3978
8566,0.4142
8567,0.4404
8568,0.4193
8569,0.3822
8570,0.3971
8571,0.4198
8572,0.3953
8573,0.4085
8574,0.3902
8575,0.3819
8576,0.3762
8577,0.4249
8578,0.3464
8579,0.4066
8580,0.4071
8581,0.4125
8582,0.4107
8583,0.3803
8584,0.4517
8585,0.3664
8586,0.3921
8587,0.4127
8588,0.3407
8589,0.3663
8590,0.4255
8591,0.4035
8592,0.4095
8593,0.3842
8594,0.4379
8595,0.3816
8596,0.4088
8597,0.3904
8598,0.3860
8599,0.4251
8600,0.3982
8601,0.4070
8602,0.4148
8603,0.4384
8604,0.3830
8605,0.4020
8606,0.3715
8607,0.3824
8608,0.3996
8609,0.4380
8610,0.4200
8611,0.3993
8612,0.4381
8613,0.3556
8614,0.4203
8615,0.3779
8616,0.4652
8617,0.3537
8618,0.3728
8619,0.4106
8620,0.4032
8621,0.4055
8622,0.3905
8623,0.4039
8624,0.4215
8625,0.4027
8626,0.4458
8627,0.4589
8628,0.3577
8629,0.3801
8630,0.4014
8631,0.4713
8632,0.3849
8633,0.3717
8634,0.3935
8635,0.4116
8636,0.3903
8637,0.3738
8638,0.4261
8639,0.4215
8640,0.4416
8641,0.4103
8642,0.3755
8643,0.3899
8644,0.3716
8645,0.3616
8646,0.3774
8647,0.4541
8648,0.4089
8649,0.4429
8650,0.3565
8651,0.3810
8652,0.3903
8653,0.3777
8654,0.3772
8655,0.3693
8656,0.3823
8657,0.4468
8658,0.3733
8659,0.3923
8660,0.3453
8661,0.3730
8662,0.3675
8663,0.3742
8664,0.4102
8665,0.4275
8666,0.3846
8667,0.3732
8668,0.4080
8669,0.3843
8670,0.4477
8671,0.3586
8672,0.3874
8673,0.3433
8674,0.4482
8675,0.3948
8676,0.4040
8677,0.3631
8678,0.4428
8679,0.4171
8680,0.4037
8681,0.3679
8682,0.3920
8683,0.4002
8684,0.3860
8685,0.4334
8686,0.4025
8687,0.3491
8688,0.4322
8689,0.3738
8690,0.4186
8691,0.4224
8692,0.4344
8693,0.4070
8694,0.3622
8695,0.3927
8696,0.3656
8697,0.3829
8698,0.3593
8699,0.3848
8700,0.3850
8701,0.4294
8702,0.3722
8703,0.4025
8704,0.4012
8705,0.3694
8706,0.3889
8707,0.4441
8708,0.3236
8709,0.4106
8710,0.3818
8711,0.3537
8712,0.3819
8713,0.3717
8714,0.3821
8715,0.3932
8716,0.4011
8717,0.3959
8718,0.4114
8719,0.4039
8720,0.4140
8721,0.4158
8722,0.4166
8723,0.4179
8724,0.4125
8725,0.4245
8726,0.4539
8727,0.4259
8728,0.3782
8729,0.4428
8730,0.4091
8731,0.3864
8732,0.4134
8733,0.4198
8734,0.3452
8735,0.3574
8736,0.4099
8737,0.4376
8738,0.3513
8739,0.4066
8740,0.4005
8741,0.4015
8742,0.4215
8743,0.3785
8744,0.4296
8745,0.4125
8746,0.3501
8747,0.4178
8748,0.3804
8749,0.3970
8750,0.4058
8751,0.4102
8752,0.4023
8753,0.3855
8754,0.3937
8755,0.3997
8756,0.4427
8757,0.3351
8758,0.3646
8759,0.3776
8760,0.4044
8761,0.3786
8762,0.4179
8763,0.3841
8764,0.4348
8765,0.4153
8766,0.3584
8767,0.4103
8768,0.3867
8769,0.4414
8770,0.3912
8771,0.3506
8772,0.3719
8773,0.3809
8774,0.4030
8775,0.3488
8776,0.3570
8777,0.3902
8778,0.4014
8779,0.3596
8780,0.3888
8781,0.3427
8782,0.3897
8783,0.3433
8784,0.3861
8785,0.4118
8786,0.3959
8787,0.4186
8788,0.3952
8789,0.3765
8790,0.3882
8791,0.3792
8792,0.3742
8793,0.4083
8794,0.3574
8795,0.4064
8796,0.4097
8797,0.4140
8798,0.4054
8799,0.3878
8800,0.4326
8801,0.3930
8802,0.3589
8803,0.4098
8804,0.3735
8805,0.3740
8806,0.3768
8807,0.3867
8808,0.3821
8809,0.3834
8810,0.3942
8811,0.4069
8812,0.3924
8813,0.3753
8814,0.3702
8815,0.3850
8816,0.3875
8817,0.3719
8818,0.3674
8819,0.3659
8820,0.3619
8821,0.4519
8822,0.3675
8823,0.3965
8824,0.3623
8825,0.3527
8826,0.3626
8827,0.3634
8828,0.3739
8829,0.3876
8830,0.4323
8831,0.3687
8832,0.3661
8833,0.3597
8834,0.3691
8835,0.4251
8836,0.3607
8837,0.3829
8838,0.3901
8839,0.4062
8840,0.4023
8841,0.3716
8842,0.3308
8843,0.4245
8844,0.3918
8845,0.3499
8846,0.3868
8847,0.3477
8848,0.3619
8849,0.4094
8850,0.4253
8851,0.4129
8852,0.3677
8853,0.4203
8854,0.3572
8855,0.3557
8856,0.3461
8857,0.3845
8858,0.3756
8859,0.3911
8860,0.3909
8861,0.3835
8862,0.3907
8863,0.3893
8864,0.4187
8865,0.4346
8866,0.4001
8867,0.4480
8868,0.3906
8869,0.3915
8870,0.4168
8871,0.3808
8872,0.3507
8873,0.3506
8874,0.3752
8875,0.3748
8876,0.3751
8877,0.3916
8878,0.4212
8879,0.3726
8880,0.3934
8881,0.4080
8882,0.3731
8883,0.3707
8884,0.3978
8885,0.4623
8886,0.3564
8887,0.3932
8888,0.3555
8889,0.3546
8890,0.3860
8891,0.3802
8892,0.4253
8893,0.3782
8894,0.3574
8895,0.3278
8896,0.3838
8897,0.3470
8898,0.3900
8899,0.3674
8900,0.3908
8901,0.3755
8902,0.3705
8903,0.3903
8904,0.3808
8905,0.4021
8906,0.3994
8907,0.3425
8908,0.3834
8909,0.3581
8910,0.3967
8911,0.3419
8912,0.3797
8913,0.3459
8914,0.3849
8915,0.3670
8916,0.3624
8917,0.3895
8918,0.3972
8919,0.4123
8920,0.4386
8921,0.3804
8922,0.3828
8923,0.4002
8924,0.3691
8925,0.4274
8926,0.4266
8927,0.4355
8928,0.3596
8929,0.4203
8930,0.4002
8931,0.4166
8932,0.3856
8933,0.3956
8934,0.3935
8935,0.3881
8936,0.3914
8937,0.3689
8938,0.3586
8939,0.3945
8940,0.4211
8941,0.4128
8942,0.3087
8943,0.3953
8944,0.3896
8945,0.3796
8946,0.3857
8947,0.3479
8948,0.3852
8949,0.3846
8950,0.3480
8951,0.3907
8952,0.3915
8953,0.4112
8954,0.3611
8955,0.4248
8956,0.3607
8957,0.3684
8958,0.3863
8959,0.3699
8960,0.3738
8961,0.3932
8962,0.3569
8963,0.3952
8964,0.3569
8965,0.4020
8966,0.3832
8967,0.3686
8968,0.3557
8969,0.3849
8970,0.3536
8971,0.3649
8972,0.3576
8973,0.3585
8974,0.3954
8975,0.3396
8976,0.3871
8977,0.3816
8978,0.3450
8979,0.4003
8980,0.3880
8981,0.3549
8982,0.3755
8983,0.4237
8984,0.4023
8985,0.3453
8986,0.4086
8987,0.3774
8988,0.3486
8989,0.3878
8990,0.3691
8991,0.4473
8992,0.3459
8993,0.3854
8994,0.3584
8995,0.3364
8996,0.3341
8997,0.3502
8998,0.3766
8999,0.3615
9000,0.3750
9001,0.3982
9002,0.4449
9003,0.3644
9004,0.3916
9005,0.4027
9006,0.4313
9007,0.3594
9008,0.4502
9009,0.3822
9010,0.3659
9011,0.3826
9012,0.3671
9013,0.3793
9014,0.3541
9015,0.3604
9016,0.3472
9017,0.3740
9018,0.4010
9019,0.3843
9020,0.3514
9021,0.3709
9022,0.3862
9023,0.3656
9024,0.3713
9025,0.3625
9026,0.3679
9027,0.3875
9028,0.3899
9029,0.3844
9030,0.3602
9031,0.3535
9032,0.3546
9033,0.3821
9034,0.4313
9035,0.4033
9036,0.3360
9037,0.3595
9038,0.3914
9039,0.3826
9040,0.3467
9041,0.3595
9042,0.4046
9043,0.4624
9044,0.4429
9045,0.3864
9046,0.4202
9047,0.3748
9048,0.3721
9049,0.3852
9050,0.3919
9051,0.3897
9052,0.3857
9053,0.4223
9054,0.3805
9055,0.3545
9056,0.4203
9057,0.4218
9058,0.3901
9059,0.4176
9060,0.3585
9061,0.3583
9062,0.3686
9063,0.3858
9064,0.3890
9065,0.3975
9066,0.4209
9067,0.3974
9068,0.3758
9069,0.3753
9070,0.3618
9071,0.3308
9072,0.4156
9073,0.3801
9074,0.3737
9075,0.3763
9076,0.3724
9077,0.3775
9078,0.3850
9079,0.3949
9080,0.3550
9081,0.4060
9082,0.4060
9083,0.3814
9084,0.3446
9085,0.3827
9086,0.3235
9087,0.3881
9088,0.4168
9089,0.3895
9090,0.3964
9091,0.4001
9092,0.3831
9093,0.4467
9094,0.4211
9095,0.3854
9096,0.3366
9097,0.3907
9098,0.3897
9099,0.3696
9100,0.4214
9101,0.3979
9102,0.3490
9103,0.3662
9104,0.3370
9105,0.4006
9106,0.3856
9107,0.3804
9108,0.3718
9109,0.3647
9110,0.4060
9111,0.3612
9112,0.3995
9113,0.3784
9114,0.3660
9115,0.3749
9116,0.3941
9117,0.4042
9118,0.3447
9119,0.3592
9120,0.3791
9121,0.3463
9122,0.3967
9123,0.4170
9124,0.3973
9125,0.3933
9126,0.3800
9127,0.3848
9128,0.3640
9129,0.3751
9130,0.3699
9131,0.3795
9132,0.3577
9133,0.4040
9134,0.3512
9135,0.3977
9136,0.3914
9137,0.3927
9138,0.3688
9139,0.3753
9140,0.3727
9141,0.3439
9142,0.3988
9143,0.3946
9144,0.4295
9145,0.3534
9146,0.3478
9147,0.4062
9148,0.3877
9149,0.4257
9150,0.3585
9151,0.3615
9152,0.3706
9153,0.4015
9154,0.4058
9155,0.3340
9156,0.3592
9157,0.3438
9158,0.3721
9159,0.3696
9160,0.3449
9161,0.3337
9162,0.3980
9163,0.3872
9164,0.3831
9165,0.4095
9166,0.3988
9167,0.3723
9168,0.3731
9169,0.3521
9170,0.3659
9171,0.3882
9172,0.4117
9173,0.3724
9174,0.4270
9175,0.4064
9176,0.3632
9177,0.3753
9178,0.3456
9179,0.3849
9180,0.3934
9181,0.3568
9182,0.3870
9183,0.3755
9184,0.4061
9185,0.3561
9186,0.3631
9187,0.3763
9188,0.3757
9189,0.3769
9190,0.3832
9191,0.3699
9192,0.3575
9193,0.3737
9194,0.4197
9195,0.3537
9196,0.4092
9197,0.3763
9198,0.3562
9199,0.3934
9200,0.3373
9201,0.3733
9202,0.3649
9203,0.3826
9204,0.4109
9205,0.3726
9206,0.3740
9207,0.3756
9208,0.4115
9209,0.3561
9210,0.3786
9211,0.3811
9212,0.3723
9213,0.3954
9214,0.3598
9215,0.3872
9216,0.3771
9217,0.3810
9218,0.4130
9219,0.3743
9220,0.4054
9221,0.3505
9222,0.3773
9223,0.3878
9224,0.3563
9225,0.3904
9226,0.3568
9227,0.4163
9228,0.3573
9229,0.3536
9230,0.3789
9231,0.3841
9232,0.3588
9233,0.3543
9234,0.3766
9235,0.3811
9236,0.3763
9237,0.3400
9238,0.4073
9239,0.3661
9240,0.3618
9241,0.3746
9242,0.3891
9243,0.3499
9244,0.3578
9245,0.3284
9246,0.3161
9247,0.3974
9248,0.3731
9249,0.3677
9250,0.3370
9251,0.3569
9252,0.3402
9253,0.3388
9254,0.3572
9255,0.3608
9256,0.3749
9257,0.3673
9258,0.4008
9259,0.3637
9260,0.3698
9261,0.3629
9262,0.3555
9263,0.4034
9264,0.3769
9265,0.3493
9266,0.3735
9267,0.4197
9268,0.3601
9269,0.3875
9270,0.3718
9271,0.3685
9272,0.3473
9273,0.3415
9274,0.4037
9275,0.3562
9276,0.3807
9277,0.3617
9278,0.3860
9279,0.3658
9280,0.4151
9281,0.3677
9282,0.3649
9283,0.3638
9284,0.3853
9285,0.4150
9286,0.3603
9287,0.3866
9288,0.3424
9289,0.3686
9290,0.3416
9291,0.3826
9292,0.3860
9293,0.3858
9294,0.3830
9295,0.3710
9296,0.3656
9297,0.3880
9298,0.3184
9299,0.3700
9300,0.3492
9301,0.3734
9302,0.4903
9303,0.3842
9304,0.3656
9305,0.3601
9306,0.3523
9307,0.3314
9308,0.3962
9309,0.3484
9310,0.3693
9311,0.3772
9312,0.3713
9313,0.3696
9314,0.3715
9315,0.3350
9316,0.3893
9317,0.3679
9318,0.3408
9319,0.3607
9320,0.4089
9321,0.3992
9322,0.3678
9323,0.3710
9324,0.3932
9325,0.3883
9326,0.3948
9327,0.3732
9328,0.3541
9329,0.3460
9330,0.3492
9331,0.3834
9332,0.3710
9333,0.3677
9334,0.4093
9335,0.3193
9336,0.3290
9337,0.4539
9338,0.3728
9339,0.4154
9340,0.3801
9341,0.3495
9342,0.3752
9343,0.3656
9344,0.4208
9345,0.3912
9346,0.3797
9347,0.3786
9348,0.3473
9349,0.3588
9350,0.3639
9351,0.3675
9352,0.3603
9353,0.3380
9354,0.3688
9355,0.3948
9356,0.3234
9357,0.3824
9358,0.3376
9359,0.3532
9360,0.3942
9361,0.3483
9362,0.3369
9363,0.3381
9364,0.3579
9365,0.4082
9366,0.3686
9367,0.3878
9368,0.3733
9369,0.3597
9370,0.3796
9371,0.3701
9372,0.3782
9373,0.3516
9374,0.3070
9375,0.3918
9376,0.3704
9377,0.3766
9378,0.3762
9379,0.3442
9380,0.3502
9381,0.3505
9382,0.3910
9383,0.4102
9384,0.3683
9385,0.3297
9386,0.3652
9387,0.3435
9388,0.3770
9389,0.3641
9390,0.3676
9391,0.4016
9392,0.3307
9393,0.4046
9394,0.3667
9395,0.3626
9396,0.3795
9397,0.3888
9398,0.3975
9399,0.3415
9400,0.3739
9401,0.4174
9402,0.3744
9403,0.3776
9404,0.3558
9405,0.3758
9406,0.3481
9407,0.3483
9408,0.3962
9409,0.3428
9410,0.3431
9411,0.3883
9412,0.3953
9413,0.3726
9414,0.3964
9415,0.3398
9416,0.3656
9417,0.3723
9418,0.3632
9419,0.3490
9420,0.3699
9421,0.3576
9422,0.3723
9423,0.3260
9424,0.3253
9425,0.3646
9426,0.3708
9427,0.3397
9428,0.3689
9429,0.3824
9430,0.4154
9431,0.3660
9432,0.3731
9433,0.3708
9434,0.3798
9435,0.3795
9436,0.3927
9437,0.3398
9438,0.3638
9439,0.3598
9440,0.3636
9441,0.3912
9442,0.3849
9443,0.3936
9444,0.4004
9445,0.3552
9446,0.3446
9447,0.3998
9448,0.3202
9449,0.3626
9450,0.3427
9451,0.3609
9452,0.3824
9453,0.3687
9454,0.3444
9455,0.3675
9456,0.3969
9457,0.3786
9458,0.3484
9459,0.4895
9460,0.3913
9461,0.3489
9462,0.3631
9463,0.3567
9464,0.3582
9465,0.3521
9466,0.3518
9467,0.3585
9468,0.3262
9469,0.3942
9470,0.3762
9471,0.3523
9472,0.4309
9473,0.3354
9474,0.3771
9475,0.3518
9476,0.3555
9477,0.3815
9478,0.3776
9479,0.3683
9480,0.3274
9481,0.3900
9482,0.3874
9483,0.3203
9484,0.3355
9485,0.3525
9486,0.3196
9487,0.3778
9488,0.3592
9489,0.3806
9490,0.3626
9491,0.3612
9492,0.3651
9493,0.3542
9494,0.3309
9495,0.3712
9496,0.3756
9497,0.3875
9498,0.3629
9499,0.3390
9500,0.3331
9501,0.3864
9502,0.3079
9503,0.3553
9504,0.3309
9505,0.3414
9506,0.3632
9507,0.3701
9508,0.3401
9509,0.3555
9510,0.3505
9511,0.3918
9512,0.3502
9513,0.3374
9514,0.3347
9515,0.3857
9516,0.4317
9517,0.4045
9518,0.3591
9519,0.3908
9520,0.3720
9521,0.3659
9522,0.3505
9523,0.3705
9524,0.3249
9525,0.3715
9526,0.3572
9527,0.3821
9528,0.4002
9529,0.3246
9530,0.3802
9531,0.3960
9532,0.3291
9533,0.3570
9534,0.3249
9535,0.3453
9536,0.3603
9537,0.4009
9538,0.3797
9539,0.3464
9540,0.3883
9541,0.3552
9542,0.3759
9543,0.3800
9544,0.3270
9545,0.3789
9546,0.3545
9547,0.3586
9548,0.3506
9549,0.3642
9550,0.3456
9551,0.3804
9552,0.3665
9553,0.3489
9554,0.3540
9555,0.3484
9556,0.3776
9557,0.3370
9558,0.3564
9559,0.3871
9560,0.3928
9561,0.3926
9562,0.3410
9563,0.3253
9564,0.3697
9565,0.3541
9566,0.3991
9567,0.3467
9568,0.3547
9569,0.3247
9570,0.3559
9571,0.3529
9572,0.3595
9573,0.3828
9574,0.3566
9575,0.3749
9576,0.3508
9577,0.4142
9578,0.3795
9579,0.3573
9580,0.3912
9581,0.3731
9582,0.3571
9583,0.3708
9584,0.3838
9585,0.3416
9586,0.3523
9587,0.3558
9588,0.3729
9589,0.3272
9590,0.3362
9591,0.3289
9592,0.3641
9593,0.3409
9594,0.3633
9595,0.3473
9596,0.3529
9597,0.3875
9598,0.3891
9599,0.3590
9600,0.4243
9601,0.3196
9602,0.3829
9603,0.3278
9604,0.3361
9605,0.3434
9606,0.3705
9607,0.3719
9608,0.3586
9609,0.3809
9610,0.3649
9611,0.3628
9612,0.4205
9613,0.3445
9614,0.3566
9615,0.3520
9616,0.3650
9617,0.3116
9618,0.3651
9619,0.3791
9620,0.3559
9621,0.3675
9622,0.3539
9623,0.4043
9624,0.3142
9625,0.3822
9626,0.4122
9627,0.3759
9628,0.3488
9629,0.3799
9630,0.3586
9631,0.3641
9632,0.4137
9633,0.3220
9634,0.3806
9635,0.3699
9636,0.3263
9637,0.3825
9638,0.3764
9639,0.3320
9640,0.3409
9641,0.3903
9642,0.3143
9643,0.3903
9644,0.3697
9645,0.3350
9646,0.3903
9647,0.3778
9648,0.3748
9649,0.3559
9650,0.3640
9651,0.3297
9652,0.3421
9653,0.3396
9654,0.3610
9655,0.3608
9656,0.3825
9657,0.3976
9658,0.3851
9659,0.3660
9660,0.3501
9661,0.3843
9662,0.3529
9663,0.3215
9664,0.4135
9665,0.3571
9666,0.3389
9667,0.3299
9668,0.3296
9669,0.3552
9670,0.3423
9671,0.3464
9672,0.3568
9673,0.3506
9674,0.3281
9675,0.3794
9676,0.3522
9677,0.3431
9678,0.3580
9679,0.3226
9680,0.3786
9681,0.3410
9682,0.3722
9683,0.3198
9684,0.3381
9685,0.3100
9686,0.4104
9687,0.3681
9688,0.3779
9689,0.3563
9690,0.3446
9691,0.3544
9692,0.3762
9693,0.3325
9694,0.3710
9695,0.3329
9696,0.3659
9697,0.3850
9698,0.3493
9699,0.3210
9700,0.3717
9701,0.3585
9702,0.4189
9703,0.3282
9704,0.3825
9705,0.3601
9706,0.3577
9707,0.3535
9708,0.3486
9709,0.3218
9710,0.3479
9711,0.3513
9712,0.3568
9713,0.3165
9714,0.3621
9715,0.3135
9716,0.3574
9717,0.3513
9718,0.3662
9719,0.3399
9720,0.3549
9721,0.3660
9722,0.3877
9723,0.3645
9724,0.3420
9725,0.3592
9726,0.3859
9727,0.3498
9728,0.3679
9729,0.3594
9730,0.3825
9731,0.3612
9732,0.3687
9733,0.3428
9734,0.4087
9735,0.3423
9736,0.3905
9737,0.3393
9738,0.3516
9739,0.3162
9740,0.3465
9741,0.3314
9742,0.3453
9743,0.3746
9744,0.3287
9745,0.4002
9746,0.3843
9747,0.3414
9748,0.3706
9749,0.3895
9750,0.3371
9751,0.3658
9752,0.3745
9753,0.3898
9754,0.3555
9755,0.3609
9756,0.3791
9757,0.3632
9758,0.3677
9759,0.3665
9760,0.3473
9761,0.3490
9762,0.3781
9763,0.3675
9764,0.3494
9765,0.3657
9766,0.3670
9767,0.3856
9768,0.3535
9769,0.4059
9770,0.3875
9771,0.3734
9772,0.3364
9773,0.3310
9774,0.3633
9775,0.3341
9776,0.3635
9777,0.3656
9778,0.3767
9779,0.3330
9780,0.3551
9781,0.3500
9782,0.3148
9783,0.3656
9784,0.4242
9785,0.3747
9786,0.3792
9787,0.3797
9788,0.3589
9789,0.3575
9790,0.3192
9791,0.3714
9792,0.3454
9793,0.3482
9794,0.3498
9795,0.3311
9796,0.3215
9797,0.3209
9798,0.3452
9799,0.3757
9800,0.3541
9801,0.3401
9802,0.3345
9803,0.3435
9804,0.3408
9805,0.3845
9806,0.3582
9807,0.3311
9808,0.3416
9809,0.3557
9810,0.3672
9811,0.3569
9812,0.2993
9813,0.3166
9814,0.3677
9815,0.3289
9816,0.3576
9817,0.3457
9818,0.3413
9819,0.3551
9820,0.3611
9821,0.3335
9822,0.3718
9823,0.3565
9824,0.3307
9825,0.3315
9826,0.3574
9827,0.3556
9828,0.3777
9829,0.3233
9830,0.3081
9831,0.3461
9832,0.3328
9833,0.3245
9834,0.3948
9835,0.3552
9836,0.3923
9837,0.3597
9838,0.3537
9839,0.3272
9840,0.3931
9841,0.3441
9842,0.3306
9843,0.3774
9844,0.3560
9845,0.3457
9846,0.3592
9847,0.3217
9848,0.3450
9849,0.3682
9850,0.3462
9851,0.3381
9852,0.3777
9853,0.3381
9854,0.3116
9855,0.3688
9856,0.3462
9857,0.3783
9858,0.3506
9859,0.3443
9860,0.3575
9861,0.3159
9862,0.3423
9863,0.3438
9864,0.3263
9865,0.3405
9866,0.3239
9867,0.3489
9868,0.3500
9869,0.3360
9870,0.3539
9871,0.3696
9872,0.3618
9873,0.3286
9874,0.3637
9875,0.3772
9876,0.3561
9877,0.3434
9878,0.3347
9879,0.3598
9880,0.3347
9881,0.3320
9882,0.4114
9883,0.3271
9884,0.3196
9885,0.3369
9886,0.3417
9887,0.3347
9888,0.3344
9889,0.3802
9890,0.3560
9891,0.3333
9892,0.3702
9893,0.3628
9894,0.3446
9895,0.3391
9896,0.3813
9897,0.3421
9898,0.3649
9899,0.3113
9900,0.3678
9901,0.3319
9902,0.3901
9903,0.2893
9904,0.3965
9905,0.3377
9906,0.3254
9907,0.3980
9908,0.3662
9909,0.3509
9910,0.3401
9911,0.3870
9912,0.3390
9913,0.3249
9914,0.3276
9915,0.3300
9916,0.3523
9917,0.3891
9918,0.3560
9919,0.3664
9920,0.3260
9921,0.3830
9922,0.3589
9923,0.3614
9924,0.3449
9925,0.3567
9926,0.3259
9927,0.3788
9928,0.3731
9929,0.3532
9930,0.3512
9931,0.3324
9932,0.3100
9933,0.3529
9934,0.3327
9935,0.3576
9936,0.4132
9937,0.3361
9938,0.3596
9939,0.3699
9940,0.3436
9941,0.3576
9942,0.3299
9943,0.3428
9944,0.3847
9945,0.3954
9946,0.3361
9947,0.3560
9948,0.3545
9949,0.3398
9950,0.3202
9951,0.3312
9952,0.3183
9953,0.3192
9954,0.3787
9955,0.3467
9956,0.3421
9957,0.3420
9958,0.3439
9959,0.3563
9960,0.3656
9961,0.3436
9962,0.3579
9963,0.3583
9964,0.3265
9965,0.3389
9966,0.3533
9967,0.4134
9968,0.3388
9969,0.3442
9970,0.3595
9971,0.3673
9972,0.3518
9973,0.3287
9974,0.3135
9975,0.3410
9976,0.3588
9977,0.3517
9978,0.3755
9979,0.3213
9980,0.3305
9981,0.3917
9982,0.3199
9983,0.3862
9984,0.3709
9985,0.3253
9986,0.3133
9987,0.3560
9988,0.3579
9989,0.3351
9990,0.3609
9991,0.3504
9992,0.3530
9993,0.3276
9994,0.3447
9995,0.3184
9996,0.3509
9997,0.3740
9998,0.3757
9999,0.3880
10000,0.3295
10001,0.3483
10002,0.3395
10003,0.3534
10004,0.3578
10005,0.3450
10006,0.3437
10007,0.3312
10008,0.2897
10009,0.3929
10010,0.3676
10011,0.3509
10012,0.3799
10013,0.3637
10014,0.3413
10015,0.3546
10016,0.3902
10017,0.3715
10018,0.3600
10019,0.3636
10020,0.3579
10021,0.3328
10022,0.3427
10023,0.3470
10024,0.3124
10025,0.3585
10026,0.3393
10027,0.3429
10028,0.3701
10029,0.3393
10030,0.3243
10031,0.3477
10032,0.3455
10033,0.3302
10034,0.3305
10035,0.3387
10036,0.3494
10037,0.3720
10038,0.3674
10039,0.3340
10040,0.3326
10041,0.3218
10042,0.3008
10043,0.3417
10044,0.3391
10045,0.3188
10046,0.3405
10047,0.3586
10048,0.3444
10049,0.3489
10050,0.3203
10051,0.3217
10052,0.3358
10053,0.3681
10054,0.3287
10055,0.3132
10056,0.3484
10057,0.3172
10058,0.3520
10059,0.3118
10060,0.3374
10061,0.3286
10062,0.3653
10063,0.3843
10064,0.3360
10065,0.3454
10066,0.3493
10067,0.3171
10068,0.3275
10069,0.3346
10070,0.3568
10071,0.3255
10072,0.3841
10073,0.3337
10074,0.3199
10075,0.3512
10076,0.3328
10077,0.3020
10078,0.3702
10079,0.3201
10080,0.3450
10081,0.3457
10082,0.3008
10083,0.3815
10084,0.3681
10085,0.3214
10086,0.3744
10087,0.3617
10088,0.3277
10089,0.3197
10090,0.3785
10091,0.3225
10092,0.3511
10093,0.3890
10094,0.3464
10095,0.3720
10096,0.3456
10097,0.3397
10098,0.3750
10099,0.3167
10100,0.4174
10101,0.3500
10102,0.3770
10103,0.3362
10104,0.3167
10105,0.3522
10106,0.3352
10107,0.2978
10108,0.3892
10109,0.3570
10110,0.3506
10111,0.3471
10112,0.3421
10113,0.3414
10114,0.3456
10115,0.3365
10116,0.3448
10117,0.3805
10118,0.3476
10119,0.3607
10120,0.3165
10121,0.3498
10122,0.3392
10123,0.3276
10124,0.3077
10125,0.3701
10126,0.3174
10127,0.3430
10128,0.3081
10129,0.3166
10130,0.3671
10131,0.3459
10132,0.3713
10133,0.3253
10134,0.3482
10135,0.3170
10136,0.3401
10137,0.3466
10138,0.3453
10139,0.3432
10140,0.3708
10141,0.3665
10142,0.3233
10143,0.3307
10144,0.3665
10145,0.3315
10146,0.3287
10147,0.3301
10148,0.3392
10149,0.3491
10150,0.3510
10151,0.3463
10152,0.3488
10153,0.3861
10154,0.3801
10155,0.3501
10156,0.3394
10157,0.3351
10158,0.3170
10159,0.3747
10160,0.3568
10161,0.3349
10162,0.3427
10163,0.3452
10164,0.3301
10165,0.3296
10166,0.3525
10167,0.3217
10168,0.3611
10169,0.3602
10170,0.3360
10171,0.3169
10172,0.3597
10173,0.3379
10174,0.3411
10175,0.3430
10176,0.3609
10177,0.3493
10178,0.3431
10179,0.3710
10180,0.3470
10181,0.3276
10182,0.3212
10183,0.3957
10184,0.3124
10185,0.3433
10186,0.3515
10187,0.3372
10188,0.3311
10189,0.2897
10190,0.3839
10191,0.3596
10192,0.3517
10193,0.3385
10194,0.3472
10195,0.3819
10196,0.3501
10197,0.3782
10198,0.3311
10199,0.3455
10200,0.3237
10201,0.3440
10202,0.3463
10203,0.3503
10204,0.3262
10205,0.3607
10206,0.3582
10207,0.3268
10208,0.3703
10209,0.3385
10210,0.3271
10211,0.3780
10212,0.3450
10213,0.3140
10214,0.3303
10215,0.3340
10216,0.3214
10217,0.3288
10218,0.3458
10219,0.3617
10220,0.3361
10221,0.3481
10222,0.3720
10223,0.3079
10224,0.3465
10225,0.3205
10226,0.3218
10227,0.3492
10228,0.3417
10229,0.3400
10230,0.3428
10231,0.3395
10232,0.3357
10233,0.3395
10234,0.3611
10235,0.3493
10236,0.3199
10237,0.3459
10238,0.3668
10239,0.3416
10240,0.3290
10241,0.2965
10242,0.3374
10243,0.3728
10244,0.3395
10245,0.3141
10246,0.2933
10247,0.3137
10248,0.3547
10249,0.3000
10250,0.3163
10251,0.3428
10252,0.4026
10253,0.3501
10254,0.3467
10255,0.3248
10256,0.3313
10257,0.3477
10258,0.3705
10259,0.3733
10260,0.3114
10261,0.3018
10262,0.3517
10263,0.3246
10264,0.3092
10265,0.3363
10266,0.3549
10267,0.3483
10268,0.3471
10269,0.3538
10270,0.3239
10271,0.3632
10272,0.3087
10273,0.3123
10274,0.3047
10275,0.3396
10276,0.3399
10277,0.3119
10278,0.3407
10279,0.2843
10280,0.3614
10281,0.3479
10282,0.3717
10283,0.3277
10284,0.3166
10285,0.3267
10286,0.3296
10287,0.2851
10288,0.3543
10289,0.3597
10290,0.3358
10291,0.3602
10292,0.3582
10293,0.3062
10294,0.3575
10295,0.3680
10296,0.3313
10297,0.3713
10298,0.3096
10299,0.3627
10300,0.3289
10301,0.3547
10302,0.3330
10303,0.3126
10304,0.3320
10305,0.3357
10306,0.3339
10307,0.3415
10308,0.3227
10309,0.3301
10310,0.3559
10311,0.3508
10312,0.3209
10313,0.3519
10314,0.3533
10315,0.3243
10316,0.3295
10317,0.3474
10318,0.3256
10319,0.3205
10320,0.3354
10321,0.3456
10322,0.3225
10323,0.3221
10324,0.3267
10325,0.3863
10326,0.3372
10327,0.3727
10328,0.3585
10329,0.3673
10330,0.3249
10331,0.3126
10332,0.3138
10333,0.3248
10334,0.3364
10335,0.2989
10336,0.3529
10337,0.3393
10338,0.3280
10339,0.3476
10340,0.3499
10341,0.3398
10342,0.3165
10343,0.3546
10344,0.3410
10345,0.3637
10346,0.2953
10347,0.3881
10348,0.3590
10349,0.3866
10350,0.3364
10351,0.3185
10352,0.3564
10353,0.3278
10354,0.3171
10355,0.3336
10356,0.3683
10357,0.3385
10358,0.3184
10359,0.3010
10360,0.3698
10361,0.2914
10362,0.3693
10363,0.3573
10364,0.3489
10365,0.3573
10366,0.3169
10367,0.3252
10368,0.3587
10369,0.3515
10370,0.3353
10371,0.3690
10372,0.3251
10373,0.3392
10374,0.3171
10375,0.3197
10376,0.3672
10377,0.3328
10378,0.3041
10379,0.3327
10380,0.2932
10381,0.3038
10382,0.3205
10383,0.3236
10384,0.3338
10385,0.3507
10386,0.3456
10387,0.3646
10388,0.3332
10389,0.3430
10390,0.3565
10391,0.3471
10392,0.3247
10393,0.3365
10394,0.3264
10395,0.3105
10396,0.3262
10397,0.3158
10398,0.3053
10399,0.3701
10400,0.3374
10401,0.3477
10402,0.3356
10403,0.3093
10404,0.3263
10405,0.2881
10406,0.3537
10407,0.3266
10408,0.3026
10409,0.3343
10410,0.3417
10411,0.3709
10412,0.3228
10413,0.3485
10414,0.3313
10415,0.3665
10416,0.3279
10417,0.3666
10418,0.3219
10419,0.3603
10420,0.3252
10421,0.3231
10422,0.3592
10423,0.3407
10424,0.3222
10425,0.3364
10426,0.3539
10427,0.4077
10428,0.3659
10429,0.3464
10430,0.3922
10431,0.3261
10432,0.3534
10433,0.3399
10434,0.3623
10435,0.3498
10436,0.3610
10437,0.3322
10438,0.3201
10439,0.2975
10440,0.3143
10441,0.3234
10442,0.3427
10443,0.3844
10444,0.3409
10445,0.2885
10446,0.3266
10447,0.3397
10448,0.3440
10449,0.3223
10450,0.3123
10451,0.3529
10452,0.3232
10453,0.3082
10454,0.3559
10455,0.3636
10456,0.3268
10457,0.3402
10458,0.3556
10459,0.2912
10460,0.3502
10461,0.3345
10462,0.3317
10463,0.3320
10464,0.3142
10465,0.3028
10466,0.3634
10467,0.3257
10468,0.3303
10469,0.3565
10470,0.3464
10471,0.3206
10472,0.3326
10473,0.3416
10474,0.3311
10475,0.2970
10476,0.3583
10477,0.3440
10478,0.3384
10479,0.3593
10480,0.3339
10481,0.3051
10482,0.3572
10483,0.3342
10484,0.3284
10485,0.3589
10486,0.3418
10487,0.3510
10488,0.3497
10489,0.3692
10490,0.3426
10491,0.3392
10492,0.3611
10493,0.3740
10494,0.3441
10495,0.3546
10496,0.3015
10497,0.3926
10498,0.3842
10499,0.3459
10500,0.3129
10501,0.3669
10502,0.3618
10503,0.3350
10504,0.3453
10505,0.3362
10506,0.3162
10507,0.3333
10508,0.2975
10509,0.3505
10510,0.3540
10511,0.3196
10512,0.3405
10513,0.3311
10514,0.3371
10515,0.3241
10516,0.3274
10517,0.3013
10518,0.3303
10519,0.3465
10520,0.3422
10521,0.3400
10522,0.3297
10523,0.3077
10524,0.3410
10525,0.3572
10526,0.3404
10527,0.3295
10528,0.3178
10529,0.2903
10530,0.3273
10531,0.3236
10532,0.3692
10533,0.3276
10534,0.3158
10535,0.3607
10536,0.3471
10537,0.3362
10538,0.3571
10539,0.3282
10540,0.3224
10541,0.3473
10542,0.3542
10543,0.3333
10544,0.3284
10545,0.3175
10546,0.3759
10547,0.3399
10548,0.3420
10549,0.3418
10550,0.3437
10551,0.3227
10552,0.3006
10553,0.3199
10554,0.3530
10555,0.3350
10556,0.3532
10557,0.3055
10558,0.3327
10559,0.3332
10560,0.3698
10561,0.3281
10562,0.3461
10563,0.3662
10564,0.3112
10565,0.3524
10566,0.3152
10567,0.3014
10568,0.3413
10569,0.3221
10570,0.3572
10571,0.3292
10572,0.3176
10573,0.3410
10574,0.3383
10575,0.3398
10576,0.3349
10577,0.3633
10578,0.3155
10579,0.3536
10580,0.2928
10581,0.3542
10582,0.3644
10583,0.2994
10584,0.3384
10585,0.3244
10586,0.3096
10587,0.3311
10588,0.3401
10589,0.3216
10590,0.3472
10591,0.3156
10592,0.3458
10593,0.3292
10594,0.3492
10595,0.3167
10596,0.3200
10597,0.3315
10598,0.3247
10599,0.3136
10600,0.3485
10601,0.3269
10602,0.3448
10603,0.3303
10604,0.3291
10605,0.3088
10606,0.3213
10607,0.3272
10608,0.3470
10609,0.3321
10610,0.3269
10611,0.3239
10612,0.3621
10613,0.3414
10614,0.3382
10615,0.3695
10616,0.3381
10617,0.3311
10618,0.3207
10619,0.3022
10620,0.3095
10621,0.3657
10622,0.2975
10623,0.2858
10624,0.3667
10625,0.3465
10626,0.3518
10627,0.3258
10628,0.3535
10629,0.3626
10630,0.3285
10631,0.3083
10632,0.3259
10633,0.3376
10634,0.3386
10635,0.3091
10636,0.3487
10637,0.3518
10638,0.3644
10639,0.3487
10640,0.3423
10641,0.3591
10642,0.3272
10643,0.3312
10644,0.3113
10645,0.3129
10646,0.3243
10647,0.3173
10648,0.3155
10649,0.3501
10650,0.2919
10651,0.3334
10652,0.2781
10653,0.3494
10654,0.3617
10655,0.3345
10656,0.3229
10657,0.3482
10658,0.3620
10659,0.3157
10660,0.3408
10661,0.3342
10662,0.3335
10663,0.3375
10664,0.3125
10665,0.3122
10666,0.3132
10667,0.3050
10668,0.3274
10669,0.3277
10670,0.2762
10671,0.3129
10672,0.3056
10673,0.3627
10674,0.3068
10675,0.3219
10676,0.3382
10677,0.3132
10678,0.3731
10679,0.3415
10680,0.3016
10681,0.3423
10682,0.2962
10683,0.3276
10684,0.3625
10685,0.3409
10686,0.3347
10687,0.3096
10688,0.3555
10689,0.2955
10690,0.3392
10691,0.3161
10692,0.3412
10693,0.3357
10694,0.3385
10695,0.3159
10696,0.3288
10697,0.4047
10698,0.2977
10699,0.3144
10700,0.3186
10701,0.3116
10702,0.3730
10703,0.3265
10704,0.3276
10705,0.3493
10706,0.3414
10707,0.3248
10708,0.3054
10709,0.3402
10710,0.3318
10711,0.2673
10712,0.3411
10713,0.3553
10714,0.3265
10715,0.3258
10716,0.3416
10717,0.3391
10718,0.3336
10719,0.3604
10720,0.3365
10721,0.3291
10722,0.2960
10723,0.3156
10724,0.3222
10725,0.3399
10726,0.3238
10727,0.3265
10728,0.4027
10729,0.3393
10730,0.3387
10731,0.3317
10732,0.3530
10733,0.3351
10734,0.3271
10735,0.3188
10736,0.3397
10737,0.3262
10738,0.3485
10739,0.3417
10740,0.3302
10741,0.3377
10742,0.3118
10743,0.3473
10744,0.3248
10745,0.3527
10746,0.3335
10747,0.2946
10748,0.3451
10749,0.3086
10750,0.3125
10751,0.3039
10752,0.3079
10753,0.3033
10754,0.3344
10755,0.3143
10756,0.3172
10757,0.3353
10758,0.3036
10759,0.3512
10760,0.3156
10761,0.3126
10762,0.3072
10763,0.3083
10764,0.3493
10765,0.3405
10766,0.3343
10767,0.3731
10768,0.3399
10769,0.3066
10770,0.3104
10771,0.3430
10772,0.3416
10773,0.3406
10774,0.3434
10775,0.3136
10776,0.3029
10777,0.3509
10778,0.3391
10779,0.2994
10780,0.3352
10781,0.3503
10782,0.3206
10783,0.3334
10784,0.3546
10785,0.2994
10786,0.2992
10787,0.3230
10788,0.3083
10789,0.3548
10790,0.3058
10791,0.3485
10792,0.4081
10793,0.3427
10794,0.3144
10795,0.3221
10796,0.3240
10797,0.3394
10798,0.3462
10799,0.3303
10800,0.3463
10801,0.3227
10802,0.3142
10803,0.3347
10804,0.3085
10805,0.2881
10806,0.3470
10807,0.3410
10808,0.3569
10809,0.3216
10810,0.3586
10811,0.3369
10812,0.3327
10813,0.3279
10814,0.3177
10815,0.3346
10816,0.3156
10817,0.3223
10818,0.3207
10819,0.3401
10820,0.3260
10821,0.3195
10822,0.3253
10823,0.3390
10824,0.3048
10825,0.3676
10826,0.3175
10827,0.3233
10828,0.3381
10829,0.3265
10830,0.2915
10831,0.3220
10832,0.3266
10833,0.3625
10834,0.3139
10835,0.3579
10836,0.3593
10837,0.2936
10838,0.2733
10839,0.2918
10840,0.3220
10841,0.3085
10842,0.3180
10843,0.2986
10844,0.3280
10845,0.3479
10846,0.2932
10847,0.3383
10848,0.3386
10849,0.2813
10850,0.3085
10851,0.3349
10852,0.3349
10853,0.3249
10854,0.2911
10855,0.3372
10856,0.3099
10857,0.3537
10858,0.3080
10859,0.3568
10860,0.3513
10861,0.3261
10862,0.3263
10863,0.3231
10864,0.3115
10865,0.3197
10866,0.3257
10867,0.3322
10868,0.3054
10869,0.3096
10870,0.3140
10871,0.3286
10872,0.2856
10873,0.3662
10874,0.3440
10875,0.3352
10876,0.3440
10877,0.3235
10878,0.2972
10879,0.3198
10880,0.2981
10881,0.3345
10882,0.3462
10883,0.3626
10884,0.3209
10885,0.3444
10886,0.3189
10887,0.3434
10888,0.3046
10889,0.2654
10890,0.3670
10891,0.3013
10892,0.3046
10893,0.2866
10894,0.3158
10895,0.3175
10896,0.3147
10897,0.3053
10898,0.3292
10899,0.3290
10900,0.3453
10901,0.3109
10902,0.3066
10903,0.3195
10904,0.3547
10905,0.3298
10906,0.3507
10907,0.2986
10908,0.3265
10909,0.3228
10910,0.2871
10911,0.3228
10912,0.3170
10913,0.3003
10914,0.3328
10915,0.3296
10916,0.3461
10917,0.3275
10918,0.2821
10919,0.3344
10920,0.3223
10921,0.3564
10922,0.2930
10923,0.3258
10924,0.3370
10925,0.3294
10926,0.3400
10927,0.3176
10928,0.3265
10929,0.3255
10930,0.3361
10931,0.3533
10932,0.3115
10933,0.3314
10934,0.3101
10935,0.3194
10936,0.3458
10937,0.3302
10938,0.3077
10939,0.3235
10940,0.3515
10941,0.3337
10942,0.3100
10943,0.3287
10944,0.3513
10945,0.3595
10946,0.3145
10947,0.3262
10948,0.2883
10949,0.3195
10950,0.3059
10951,0.2961
10952,0.3512
10953,0.3120
10954,0.3266
10955,0.3390
10956,0.3472
10957,0.2956
10958,0.3308
10959,0.3284
10960,0.3333
10961,0.3105
10962,0.3302
10963,0.3391
10964,0.3204
10965,0.3253
10966,0.3243
10967,0.3134
10968,0.3295
10969,0.3108
10970,0.3245
10971,0.3132
10972,0.3233
10973,0.3249
10974,0.2964
10975,0.2892
10976,0.2959
10977,0.2895
10978,0.3295
10979,0.3206
10980,0.3470
10981,0.3225
10982,0.3167
10983,0.3196
10984,0.3140
10985,0.3407
10986,0.3293
10987,0.3332
10988,0.3300
10989,0.3231
10990,0.3093
10991,0.3285
10992,0.3495
10993,0.3339
10994,0.3202
10995,0.3060
10996,0.3247
10997,0.2655
10998,0.3139
10999,0.3364
11000,0.3501
11001,0.3255
11002,0.3550
11003,0.3296
11004,0.3174
11005,0.3160
11006,0.3131
11007,0.3430
11008,0.2794
11009,0.3397
11010,0.2821
11011,0.3215
11012,0.2994
11013,0.3338
11014,0.3397
11015,0.3313
11016,0.3199
11017,0.2947
11018,0.3507
11019,0.3318
11020,0.3333
11021,0.3226
11022,0.2964
11023,0.3389
11024,0.3372
11025,0.3207
11026,0.3106
11027,0.3138
11028,0.3189
11029,0.3141
11030,0.3340
11031,0.3138
11032,0.3083
11033,0.3163
11034,0.3556
11035,0.3275
11036,0.3225
11037,0.3091
11038,0.3259
11039,0.3449
11040,0.3266
11041,0.3121
11042,0.3369
11043,0.3216
11044,0.3024
11045,0.3289
11046,0.3114
11047,0.2954
11048,0.3176
11049,0.3540
11050,0.3097
11051,0.2949
11052,0.2862
11053,0.3296
11054,0.2886
11055,0.3157
11056,0.3054
11057,0.3645
11058,0.3274
11059,0.3205
11060,0.3664
11061,0.3263
11062,0.2930
11063,0.2957
11064,0.3228
11065,0.2967
11066,0.3150
11067,0.3073
11068,0.2870
11069,0.2772
11070,0.3285
11071,0.2938
11072,0.2892
11073,0.3160
11074,0.2863
11075,0.3345
11076,0.3242
11077,0.3136
11078,0.3015
11079,0.3128
11080,0.3106
11081,0.3335
11082,0.3525
11083,0.2824
11084,0.3057
11085,0.2900
11086,0.3358
11087,0.2978
11088,0.3279
11089,0.2995
11090,0.3319
11091,0.3306
11092,0.3407
11093,0.3022
11094,0.3313
11095,0.3562
11096,0.3113
11097,0.2851
11098,0.2969
11099,0.3261
11100,0.2936
11101,0.3362
11102,0.3233
11103,0.2930
11104,0.3133
11105,0.2927
11106,0.3466
11107,0.3427
11108,0.2900
11109,0.3265
11110,0.3053
11111,0.3399
11112,0.3590
11113,0.3299
11114,0.3159
11115,0.3171
11116,0.3129
11117,0.3437
11118,0.3240
11119,0.2790
11120,0.3156
11121,0.2950
11122,0.3119
11123,0.2823
11124,0.2977
11125,0.3415
11126,0.3378
11127,0.3338
11128,0.2801
11129,0.3298
11130,0.3374
11131,0.3289
11132,0.3044
11133,0.3039
11134,0.3182
11135,0.3488
11136,0.3202
11137,0.3338
11138,0.3148
11139,0.3031
11140,0.3214
11141,0.3479
11142,0.3186
11143,0.3312
11144,0.3340
11145,0.3072
11146,0.2761
11147,0.3034
11148,0.3040
11149,0.3223
11150,0.3000
11151,0.3223
11152,0.3243
11153,0.3675
11154,0.3191
11155,0.3229
11156,0.3190
11157,0.3410
11158,0.3073
11159,0.3400
11160,0.3125
11161,0.3113
11162,0.3612
11163,0.3256
11164,0.3457
11165,0.3121
11166,0.3251
11167,0.3111
11168,0.3328
11169,0.2937
11170,0.3268
11171,0.2980
11172,0.3338
11173,0.3366
11174,0.2794
11175,0.2704
11176,0.3090
11177,0.3311
11178,0.3336
11179,0.3255
11180,0.3225
11181,0.3311
11182,0.3323
11183,0.2938
11184,0.2897
11185,0.3214
11186,0.3372
11187,0.3684
11188,0.3319
11189,0.3345
11190,0.3117
11191,0.3180
11192,0.3293
11193,0.3315
11194,0.3255
11195,0.2871
11196,0.3292
11197,0.2879
11198,0.3260
11199,0.3298
11200,0.3257
11201,0.2860
11202,0.3256
11203,0.3641
11204,0.3115
11205,0.3143
11206,0.3032
11207,0.3422
11208,0.3517
11209,0.3321
11210,0.3438
11211,0.3091
11212,0.3588
11213,0.3441
11214,0.2921
11215,0.3069
11216,0.3219
11217,0.2917
11218,0.3107
11219,0.3240
11220,0.3054
11221,0.3044
11222,0.3005
11223,0.3123
11224,0.3252
11225,0.3176
11226,0.3167
11227,0.3276
11228,0.3196
11229,0.2986
11230,0.3283
11231,0.2659
11232,0.3311
11233,0.3045
11234,0.2897
11235,0.3280
11236,0.3458
11237,0.3140
11238,0.3426
11239,0.3298
11240,0.3301
11241,0.3383
11242,0.2888
11243,0.3142
11244,0.3173
11245,0.2855
11246,0.3401
11247,0.2907
11248,0.3279
11249,0.2696
11250,0.3225
11251,0.3206
11252,0.3072
11253,0.3083
11254,0.3633
11255,0.3492
11256,0.3113
11257,0.3188
11258,0.3149
11259,0.2971
11260,0.3341
11261,0.3330
11262,0.3381
11263,0.3147
11264,0.2998
11265,0.3196
11266,0.3235
11267,0.3281
11268,0.3174
11269,0.3088
11270,0.3004
11271,0.3084
11272,0.3146
11273,0.3170
11274,0.3182
11275,0.2761
11276,0.3250
11277,0.3366
11278,0.3057
11279,0.3038
11280,0.2886
11281,0.2813
11282,0.3265
11283,0.3171
11284,0.2981
11285,0.3068
11286,0.3508
11287,0.3360
11288,0.3037
11289,0.3120
11290,0.3154
11291,0.3100
11292,0.2819
11293,0.3061
11294,0.3105
11295,0.3110
11296,0.3248
11297,0.3015
11298,0.3067
11299,0.3138
11300,0.3087
11301,0.2831
11302,0.3004
11303,0.3063
11304,0.2884
11305,0.3286
11306,0.3240
11307,0.3029
11308,0.3015
11309,0.3016
11310,0.2818
11311,0.3123
11312,0.3090
11313,0.3134
11314,0.3185
11315,0.2986
11316,0.2986
11317,0.3035
11318,0.3142
11319,0.3182
11320,0.2958
11321,0.2895
11322,0.3205
11323,0.3366
11324,0.3238
11325,0.3263
11326,0.3028
11327,0.3034
11328,0.3648
11329,0.3295
11330,0.3378
11331,0.3066
11332,0.3187
11333,0.2984
11334,0.3218
11335,0.3116
11336,0.3638
11337,0.2943
11338,0.3416
11339,0.3007
11340,0.3415
11341,0.3101
11342,0.3325
11343,0.2869
11344,0.2981
11345,0.3458
11346,0.3165
11347,0.3107
11348,0.3205
11349,0.3248
11350,0.3102
11351,0.3199
11352,0.2981
11353,0.3304
11354,0.2874
11355,0.2823
11356,0.3180
11357,0.3157
11358,0.3170
11359,0.2944
11360,0.3098
11361,0.2796
11362,0.3116
11363,0.3297
11364,0.2901
11365,0.3399
11366,0.3474
11367,0.3395
11368,0.3075
11369,0.3032
11370,0.2721
11371,0.2913
11372,0.3306
11373,0.3529
11374,0.3674
11375,0.3122
11376,0.3264
11377,0.3025
11378,0.3375
11379,0.3115
11380,0.2981
11381,0.3041
11382,0.3522
11383,0.3390
11384,0.3064
11385,0.2946
11386,0.3364
11387,0.3401
11388,0.2849
11389,0.3296
11390,0.3339
11391,0.3034
11392,0.3358
11393,0.3018
11394,0.3237
11395,0.2943
11396,0.3413
11397,0.3237
11398,0.3348
11399,0.3128
11400,0.3320
11401,0.2919
11402,0.3065
11403,0.3150
11404,0.3373
11405,0.3357
11406,0.3082
11407,0.3253
11408,0.2710
11409,0.2850
11410,0.2892
11411,0.3243
11412,0.3022
11413,0.3298
11414,0.3496
11415,0.3101
11416,0.3437
11417,0.3192
11418,0.3137
11419,0.3520
11420,0.3121
11421,0.2891
11422,0.3212
11423,0.3157
11424,0.3274
11425,0.3505
11426,0.3161
11427,0.3075
11428,0.2914
11429,0.2860
11430,0.2865
11431,0.3534
11432,0.3184
11433,0.3160
11434,0.2984
11435,0.2795
11436,0.3169
11437,0.3096
11438,0.3131
11439,0.3356
11440,0.2716
11441,0.3056
11442,0.3013
11443,0.2936
11444,0.2867
11445,0.3292
11446,0.3125
11447,0.3065
11448,0.3036
11449,0.2731
11450,0.3270
11451,0.3063
11452,0.3457
11453,0.3166
11454,0.3419
11455,0.3434
11456,0.3220
11457,0.3319
11458,0.3260
11459,0.3213
11460,0.3564
11461,0.3323
11462,0.3276
11463,0.2996
11464,0.2750
11465,0.2903
11466,0.3308
11467,0.3346
11468,0.3351
11469,0.3133
11470,0.2954
11471,0.3058
11472,0.2731
11473,0.2782
11474,0.3008
11475,0.2872
11476,0.3157
11477,0.2933
11478,0.3518
11479,0.2783
11480,0.3175
11481,0.3090
11482,0.3093
11483,0.3194
11484,0.2928
11485,0.3126
11486,0.3333
11487,0.3098
11488,0.3218
11489,0.3237
11490,0.2980
11491,0.3103
11492,0.3188
11493,0.3136
11494,0.2769
11495,0.3078
11496,0.2833
11497,0.2887
11498,0.3281
11499,0.2814
11500,0.3019
11501,0.2982
11502,0.3271
11503,0.3438
11504,0.3157
11505,0.2993
11506,0.3015
11507,0.3363
11508,0.3163
11509,0.2838
11510,0.3093
11511,0.3212
11512,0.3390
11513,0.2758
11514,0.2860
11515,0.2966
11516,0.3074
11517,0.3037
11518,0.3144
11519,0.3144
11520,0.3043
11521,0.3041
11522,0.3062
11523,0.3162
11524,0.3081
11525,0.3271
11526,0.3012
11527,0.2810
11528,0.3584
11529,0.3300
11530,0.2928
11531,0.2816
11532,0.2885
11533,0.3231
11534,0.2847
11535,0.3089
11536,0.3159
11537,0.3149
11538,0.3162
11539,0.3140
11540,0.3057
11541,0.3260
11542,0.2960
11543,0.2917
11544,0.3092
11545,0.3071
11546,0.2996
11547,0.3260
11548,0.2893
11549,0.3178
11550,0.3357
11551,0.3151
11552,0.3106
11553,0.3160
11554,0.3126
11555,0.3149
11556,0.3114
11557,0.3005
11558,0.2916
11559,0.3294
11560,0.3132
11561,0.3224
11562,0.2911
11563,0.2950
11564,0.2946
11565,0.3202
11566,0.2910
11567,0.3290
11568,0.3175
11569,0.3079
11570,0.3616
11571,0.3192
11572,0.3103
11573,0.2878
11574,0.3166
11575,0.3143
11576,0.3417
11577,0.3281
11578,0.3381
11579,0.3295
11580,0.2665
11581,0.2982
11582,0.3186
11583,0.3075
11584,0.2830
11585,0.2865
11586,0.2966
11587,0.3251
11588,0.2972
11589,0.3081
11590,0.3134
11591,0.3021
11592,0.2877
11593,0.3015
11594,0.3200
11595,0.2886
11596,0.2968
11597,0.3075
11598,0.3000
11599,0.2950
11600,0.3545
11601,0.3239
11602,0.3219
11603,0.3491
11604,0.2957
11605,0.3108
11606,0.3085
11607,0.3145
11608,0.3061
11609,0.3052
11610,0.2950
11611,0.3219
11612,0.3365
11613,0.3518
11614,0.3111
11615,0.3259
11616,0.3303
11617,0.2822
11618,0.3258
11619,0.3264
11620,0.3217
11621,0.3243
11622,0.3083
11623,0.2921
11624,0.3170
11625,0.2852
11626,0.3380
11627,0.2988
11628,0.3104
11629,0.3276
11630,0.3056
11631,0.3033
11632,0.2974
11633,0.3000
11634,0.2858
11635,0.3304
11636,0.3011
11637,0.3228
11638,0.3117
11639,0.3010
11640,0.2879
11641,0.3032
11642,0.3230
11643,0.3145
11644,0.2931
11645,0.2946
11646,0.3055
11647,0.3201
11648,0.3126
11649,0.3072
11650,0.3229
11651,0.3419
11652,0.2834
11653,0.3179
11654,0.2935
11655,0.2974
11656,0.2839
11657,0.2958
11658,0.2868
11659,0.3028
11660,0.2925
11661,0.3074
11662,0.3525
11663,0.3389
11664,0.2844
11665,0.2975
11666,0.3058
11667,0.3017
11668,0.2949
11669,0.3024
11670,0.2977
11671,0.2845
11672,0.2889
11673,0.2833
11674,0.2941
11675,0.3197
11676,0.3062
11677,0.2878
11678,0.2887
11679,0.3013
11680,0.3374
11681,0.2805
11682,0.2957
11683,0.3000
11684,0.3436
11685,0.3558
11686,0.2948
11687,0.2916
11688,0.2948
11689,0.2967
11690,0.3292
11691,0.3354
11692,0.3259
11693,0.2616
11694,0.2798
11695,0.3046
11696,0.2784
11697,0.2784
11698,0.3131
11699,0.2858
11700,0.3172
11701,0.3369
11702,0.3001
11703,0.3030
11704,0.3088
11705,0.3219
11706,0.2809
11707,0.3096
11708,0.3194
11709,0.2793
11710,0.3210
11711,0.2985
11712,0.3130
11713,0.3207
11714,0.3041
11715,0.3330
11716,0.2677
11717,0.3103
11718,0.3616
11719,0.3457
11720,0.3232
11721,0.3150
11722,0.3199
11723,0.3039
11724,0.3024
11725,0.2651
11726,0.2953
11727,0.2753
11728,0.2934
11729,0.2804
11730,0.2753
11731,0.2959
11732,0.3076
11733,0.2953
11734,0.3006
11735,0.2961
11736,0.3143
11737,0.2771
11738,0.3016
11739,0.3237
11740,0.2863
11741,0.2997
11742,0.3076
11743,0.2856
11744,0.3106
11745,0.2888
11746,0.2746
11747,0.3428
11748,0.3176
11749,0.3122
11750,0.3032
11751,0.3098
11752,0.3221
11753,0.2903
11754,0.2829
11755,0.3083
11756,0.3229
11757,0.3206
11758,0.3123
11759,0.3037
11760,0.3035
11761,0.3041
11762,0.3237
11763,0.3487
11764,0.3394
11765,0.3167
11766,0.3070
11767,0.2975
11768,0.2976
11769,0.3080
11770,0.2632
11771,0.2823
11772,0.2601
11773,0.2819
11774,0.2747
11775,0.3011
11776,0.3315
11777,0.3180
11778,0.3248
11779,0.2795
11780,0.3193
11781,0.3404
11782,0.2802
11783,0.3272
11784,0.2868
11785,0.2770
11786,0.2940
11787,0.2971
11788,0.3226
11789,0.3404
11790,0.2895
11791,0.3103
11792,0.3326
11793,0.2916
11794,0.3101
11795,0.2964
11796,0.2916
11797,0.2873
11798,0.3102
11799,0.2969
11800,0.3044
11801,0.2901
11802,0.2963
11803,0.2966
11804,0.3127
11805,0.2914
11806,0.3035
11807,0.3321
11808,0.2921
11809,0.2704
11810,0.2942
11811,0.3168
11812,0.3022
11813,0.2778
11814,0.3295
11815,0.3140
11816,0.3198
11817,0.3133
11818,0.3182
11819,0.2918
11820,0.3149
11821,0.2936
11822,0.3192
11823,0.2758
11824,0.2994
11825,0.2867
11826,0.2979
11827,0.3582
11828,0.3462
11829,0.2852
11830,0.3520
11831,0.3006
11832,0.2920
11833,0.2877
11834,0.2896
11835,0.3122
11836,0.2937
11837,0.3027
11838,0.2846
11839,0.3069
11840,0.2686
11841,0.2751
11842,0.3084
11843,0.3054
11844,0.3299
11845,0.2972
11846,0.2649
11847,0.3037
11848,0.2934
11849,0.3382
11850,0.3039
11851,0.3089
11852,0.2901
11853,0.2828
11854,0.3093
11855,0.3154
11856,0.3034
11857,0.3079
11858,0.3261
11859,0.2944
11860,0.2814
11861,0.2973
11862,0.2958
11863,0.2775
11864,0.3104
11865,0.2706
11866,0.3290
11867,0.3025
11868,0.3176
11869,0.3119
11870,0.3112
11871,0.3250
11872,0.3109
11873,0.2990
11874,0.2966
11875,0.2963
11876,0.2794
11877,0.2892
11878,0.3106
11879,0.3145
11880,0.3399
11881,0.3169
11882,0.2993
11883,0.3011
11884,0.3282
11885,0.2964
11886,0.2789
11887,0.2569
11888,0.3129
11889,0.3307
11890,0.3002
11891,0.2918
11892,0.3034
11893,0.3244
11894,0.2998
11895,0.3177
11896,0.2919
11897,0.2895
11898,0.3223
11899,0.3083
11900,0.3261
11901,0.3511
11902,0.2624
11903,0.2927
11904,0.3068
11905,0.3450
11906,0.3033
11907,0.3093
11908,0.3043
11909,0.2885
11910,0.3282
11911,0.3052
11912,0.2989
11913,0.2856
11914,0.3174
11915,0.3157
11916,0.3033
11917,0.2950
11918,0.2908
11919,0.2694
11920,0.2986
11921,0.2755
11922,0.3576
11923,0.2891
11924,0.3129
11925,0.3161
11926,0.3211
11927,0.2888
11928,0.2924
11929,0.3045
11930,0.2986
11931,0.3377
11932,0.2980
11933,0.2784
11934,0.3046
11935,0.3255
11936,0.3373
11937,0.3051
11938,0.2980
11939,0.2953
11940,0.2964
11941,0.3269
11942,0.2910
11943,0.2926
11944,0.3251
11945,0.2932
11946,0.2842
11947,0.2825
11948,0.2640
11949,0.3441
11950,0.3301
11951,0.3137
11952,0.2532
11953,0.2944
11954,0.3070
11955,0.2975
11956,0.3034
11957,0.3205
11958,0.3259
11959,0.2966
11960,0.3055
11961,0.3068
11962,0.3164
11963,0.3112
11964,0.2954
11965,0.2691
11966,0.2570
11967,0.2889
11968,0.2836
11969,0.2903
11970,0.2957
11971,0.3014
11972,0.3094
11973,0.3178
11974,0.3402
11975,0.3146
11976,0.3334
11977,0.3205
11978,0.2946
11979,0.3280
11980,0.3050
11981,0.2809
11982,0.3297
11983,0.2908
11984,0.2948
11985,0.3130
11986,0.2926
11987,0.3261
11988,0.3154
11989,0.3117
11990,0.2972
11991,0.2865
11992,0.3284
11993,0.2728
11994,0.3086
11995,0.2825
11996,0.3101
11997,0.3000
11998,0.3075
11999,0.3120
12000,0.2715
12001,0.2932
12002,0.3225
12003,0.2758
12004,0.3223
12005,0.3012
12006,0.2881
12007,0.3250
12008,0.3149
12009,0.2842
12010,0.2964
12011,0.3225
12012,0.2996
12013,0.3062
12014,0.2694
12015,0.3156
12016,0.2865
12017,0.2873
12018,0.2794
12019,0.3042
12020,0.3367
12021,0.2730
12022,0.2710
12023,0.2795
12024,0.2627
12025,0.3255
12026,0.3315
12027,0.3198
12028,0.2954
12029,0.3186
12030,0.3118
12031,0.3103
12032,0.2780
12033,0.3243
12034,0.2583
12035,0.2999
12036,0.3069
12037,0.3016
12038,0.3147
12039,0.3163
12040,0.3092
12041,0.3128
12042,0.2884
12043,0.2834
12044,0.2853
12045,0.3111
12046,0.2951
12047,0.2882
12048,0.2846
12049,0.2907
12050,0.2868
12051,0.2834
12052,0.2799
12053,0.3306
12054,0.2864
12055,0.3180
12056,0.3175
12057,0.3036
12058,0.3118
12059,0.2842
12060,0.2673
12061,0.2793
12062,0.3189
12063,0.3353
12064,0.2481
12065,0.2765
12066,0.3065
12067,0.3225
12068,0.2837
12069,0.3238
12070,0.2961
12071,0.3090
12072,0.3042
12073,0.3073
12074,0.2741
12075,0.3005
12076,0.2728
12077,0.3043
12078,0.2830
12079,0.3067
12080,0.3063
12081,0.2960
12082,0.3320
12083,0.3543
12084,0.3025
12085,0.3214
12086,0.2832
12087,0.3000
12088,0.3139
12089,0.3103
12090,0.2799
12091,0.2941
12092,0.3102
12093,0.2985
12094,0.3063
12095,0.2907
12096,0.3282
12097,0.3086
12098,0.2886
12099,0.2716
12100,0.2805
12101,0.3038
12102,0.2822
12103,0.3019
12104,0.2778
12105,0.3261
12106,0.2876
12107,0.3152
12108,0.2969
12109,0.2830
12110,0.2908
12111,0.3125
12112,0.2700
12113,0.2837
12114,0.3100
12115,0.3482
12116,0.3316
12117,0.3198
12118,0.3002
12119,0.2915
12120,0.3175
12121,0.2819
12122,0.2922
12123,0.2834
12124,0.3062
12125,0.2682
12126,0.2900
12127,0.3016
12128,0.3009
12129,0.2840
12130,0.2806
12131,0.3122
12132,0.2560
12133,0.2919
12134,0.2920
12135,0.2868
12136,0.3351
12137,0.3270
12138,0.2791
12139,0.2976
12140,0.2761
12141,0.3163
12142,0.2955
12143,0.3567
12144,0.3243
12145,0.3083
12146,0.2985
12147,0.2760
12148,0.3150
12149,0.3090
12150,0.2933
12151,0.2802
12152,0.2771
12153,0.2625
12154,0.2789
12155,0.2981
12156,0.3000
12157,0.3189
12158,0.3097
12159,0.2674
12160,0.3283
12161,0.2694
12162,0.2980
12163,0.3024
12164,0.3045
12165,0.2909
12166,0.2974
12167,0.3279
12168,0.2947
12169,0.3026
12170,0.3032
12171,0.3342
12172,0.2876
12173,0.2696
12174,0.2797
12175,0.2849
12176,0.2775
12177,0.2907
12178,0.2605
12179,0.2731
12180,0.3033
12181,0.3070
12182,0.3118
12183,0.3104
12184,0.3118
12185,0.2977
12186,0.3140
12187,0.3156
12188,0.2924
12189,0.3369
12190,0.2801
12191,0.2790
12192,0.3044
12193,0.3146
12194,0.3048
12195,0.3047
12196,0.3048
12197,0.2953
12198,0.2953
12199,0.2846
12200,0.3124
12201,0.2992
12202,0.3052
12203,0.2809
12204,0.2693
12205,0.3154
12206,0.3125
12207,0.2804
12208,0.2698
12209,0.2755
12210,0.2895
12211,0.2895
12212,0.3053
12213,0.2677
12214,0.2742
12215,0.3109
12216,0.2998
12217,0.2669
12218,0.2832
12219,0.2458
12220,0.2958
12221,0.2572
12222,0.3118
12223,0.2769
12224,0.2850
12225,0.3322
12226,0.2818
12227,0.3026
12228,0.2787
12229,0.3031
12230,0.2839
12231,0.2922
12232,0.2813
12233,0.2719
12234,0.3144
12235,0.2900
12236,0.3093
12237,0.2930
12238,0.2964
12239,0.2984
12240,0.3016
12241,0.3166
12242,0.2954
12243,0.2996
12244,0.2935
12245,0.2837
12246,0.3091
12247,0.2789
12248,0.2578
12249,0.2873
12250,0.2843
12251,0.3065
12252,0.2966
12253,0.3026
12254,0.2913
12255,0.3048
12256,0.2947
12257,0.3033
12258,0.2811
12259,0.3114
12260,0.3096
12261,0.2685
12262,0.3260
12263,0.2995
12264,0.3258
12265,0.3095
12266,0.2832
12267,0.2982
12268,0.3102
12269,0.2666
12270,0.3279
12271,0.3024
12272,0.3028
12273,0.3039
12274,0.2805
12275,0.3056
12276,0.2796
12277,0.3161
12278,0.2998
12279,0.2724
12280,0.3100
12281,0.2923
12282,0.2919
12283,0.2676
12284,0.2691
12285,0.3028
12286,0.3231
12287,0.3151
12288,0.3025
12289,0.3245
12290,0.3038
12291,0.3303
12292,0.2916
12293,0.3128
12294,0.2852
12295,0.3100
12296,0.3230
12297,0.2847
12298,0.2565
12299,0.3006
12300,0.3308
12301,0.2904
12302,0.2956
12303,0.2677
12304,0.2925
12305,0.2945
12306,0.2774
12307,0.3282
12308,0.2854
12309,0.3109
12310,0.2871
12311,0.2842
12312,0.2766
12313,0.2743
12314,0.2881
12315,0.2892
12316,0.3156
12317,0.2956
12318,0.2877
12319,0.2603
12320,0.2999
12321,0.2740
12322,0.3249
12323,0.2857
12324,0.3153
12325,0.2534
12326,0.2832
12327,0.3070
12328,0.2834
12329,0.3172
12330,0.3001
12331,0.2787
12332,0.2908
12333,0.2766
12334,0.3080
12335,0.2896
12336,0.3065
12337,0.2779
12338,0.2687
12339,0.2885
12340,0.2958
12341,0.3130
12342,0.2935
12343,0.2991
12344,0.2864
12345,0.2839
12346,0.3080
12347,0.2844
12348,0.2663
12349,0.3029
12350,0.2846
12351,0.2962
12352,0.3128
12353,0.2629
12354,0.2848
12355,0.2870
12356,0.2688
12357,0.2765
12358,0.2995
12359,0.3037
12360,0.2842
12361,0.2774
12362,0.3121
12363,0.2994
12364,0.2912
12365,0.2857
12366,0.3313
12367,0.2712
12368,0.2650
12369,0.3060
12370,0.2955
12371,0.2975
12372,0.2894
12373,0.3110
12374,0.3064
12375,0.2909
12376,0.3030
12377,0.3002
12378,0.2826
12379,0.2874
12380,0.3031
12381,0.2543
12382,0.2867
12383,0.3328
12384,0.2882
12385,0.2896
12386,0.2974
12387,0.2673
12388,0.2793
12389,0.2940
12390,0.3106
12391,0.2758
12392,0.2805
12393,0.3182
12394,0.3008
12395,0.2887
12396,0.2926
12397,0.3119
12398,0.2971
12399,0.3047
12400,0.2874
12401,0.2902
12402,0.3079
12403,0.2884
12404,0.3025
12405,0.2918
12406,0.2786
12407,0.3142
12408,0.2823
12409,0.3359
12410,0.2899
12411,0.2886
12412,0.2804
12413,0.2913
12414,0.2898
12415,0.3063
12416,0.2975
12417,0.2882
12418,0.2813
12419,0.3005
12420,0.2868
12421,0.2908
12422,0.2810
12423,0.3187
12424,0.3074
12425,0.2750
12426,0.3527
12427,0.2846
12428,0.2830
12429,0.2882
12430,0.2679
12431,0.3341
12432,0.2778
12433,0.2932
12434,0.3104
12435,0.3146
12436,0.3230
12437,0.3278
12438,0.2667
12439,0.2980
12440,0.3161
12441,0.3154
12442,0.2646
12443,0.2985
12444,0.2786
12445,0.2839
12446,0.2759
12447,0.3181
12448,0.2659
12449,0.2525
12450,0.3015
12451,0.3041
12452,0.2624
12453,0.2835
12454,0.2672
12455,0.2819
12456,0.2534
12457,0.2724
12458,0.2723
12459,0.3152
12460,0.2863
12461,0.2671
12462,0.3169
12463,0.2876
12464,0.2980
12465,0.2854
12466,0.3449
12467,0.2950
12468,0.2690
12469,0.3065
12470,0.2822
12471,0.2846
12472,0.2899
12473,0.2919
12474,0.2914
12475,0.2858
12476,0.3149
12477,0.2729
12478,0.2750
12479,0.2902
12480,0.2738
12481,0.2300
12482,0.2706
12483,0.3247
12484,0.2921
12485,0.2863
12486,0.2968
12487,0.3167
12488,0.2755
12489,0.3246
12490,0.3111
12491,0.2920
12492,0.3023
12493,0.3123
12494,0.2599
12495,0.2893
12496,0.3074
12497,0.2744
12498,0.2843
12499,0.2748
12500,0.2908
12501,0.2930
12502,0.2767
12503,0.3411
12504,0.3226
12505,0.2972
12506,0.2801
12507,0.2905
12508,0.3135
12509,0.3106
12510,0.2686
12511,0.2650
12512,0.2877
12513,0.3096
12514,0.2956
12515,0.2974
12516,0.2754
12517,0.2877
12518,0.3038
12519,0.2700
12520,0.2884
12521,0.2857
12522,0.2915
12523,0.3666
12524,0.2911
12525,0.2803
12526,0.2921
12527,0.3088
12528,0.2631
12529,0.2633
12530,0.2948
12531,0.2928
12532,0.3143
12533,0.2926
12534,0.3025
12535,0.2958
12536,0.2565
12537,0.2835
12538,0.2618
12539,0.2884
12540,0.2771
12541,0.3047
12542,0.2993
12543,0.2983
12544,0.3198
12545,0.2777
12546,0.2705
12547,0.2783
12548,0.2784
12549,0.2626
12550,0.3202
12551,0.2704
12552,0.3284
12553,0.2929
12554,0.3444
12555,0.2672
12556,0.2795
12557,0.2939
12558,0.2742
12559,0.2528
12560,0.3033
12561,0.2931
12562,0.2837
12563,0.2962
12564,0.2735
12565,0.3082
12566,0.3009
12567,0.3067
12568,0.2768
12569,0.2391
12570,0.3379
12571,0.2911
12572,0.3120
12573,0.3109
12574,0.2752
12575,0.3164
12576,0.3029
12577,0.3235
12578,0.3081
12579,0.2681
12580,0.3061
12581,0.3197
12582,0.2708
12583,0.2787
12584,0.2988
12585,0.2970
12586,0.2775
12587,0.2942
12588,0.2870
12589,0.2943
12590,0.2735
12591,0.2672
12592,0.2569
12593,0.3092
12594,0.3039
12595,0.2658
12596,0.3075
12597,0.2923
12598,0.3256
12599,0.2750
12600,0.2900
12601,0.3043
12602,0.2907
12603,0.2783
12604,0.2869
12605,0.3030
12606,0.2488
12607,0.2909
12608,0.2655
12609,0.2791
12610,0.3002
12611,0.2980
12612,0.3036
12613,0.3030
12614,0.2972
12615,0.3201
12616,0.2991
12617,0.2833
12618,0.2960
12619,0.2897
12620,0.3100
12621,0.3127
12622,0.3303
12623,0.2861
12624,0.2810
12625,0.2832
12626,0.2939
12627,0.2956
12628,0.2963
12629,0.2691
12630,0.3051
12631,0.2865
12632,0.2909
12633,0.3056
12634,0.3186
12635,0.2908
12636,0.2807
12637,0.2781
12638,0.2831
12639,0.3208
12640,0.3211
12641,0.2694
12642,0.2950
12643,0.2591
12644,0.2691
12645,0.3209
12646,0.2919
12647,0.2821
12648,0.2732
12649,0.2734
12650,0.2877
12651,0.3153
12652,0.3077
12653,0.2980
12654,0.2632
12655,0.2690
12656,0.3166
12657,0.2941
12658,0.2769
12659,0.2897
12660,0.3055
12661,0.3112
12662,0.2745
12663,0.3044
12664,0.3386
12665,0.2935
12666,0.2754
12667,0.2906
12668,0.2965
12669,0.3200
12670,0.3040
12671,0.3225
12672,0.3032
12673,0.2727
12674,0.3075
12675,0.2918
12676,0.3498
12677,0.2880
12678,0.3195
12679,0.2598
12680,0.2728
12681,0.3124
12682,0.2868
12683,0.2857
12684,0.2894
12685,0.2937
12686,0.3284
12687,0.3160
12688,0.2934
12689,0.2834
12690,0.3105
12691,0.2999
12692,0.2583
12693,0.2714
12694,0.2526
12695,0.2599
12696,0.3100
12697,0.2710
12698,0.2517
12699,0.2746
12700,0.2535
12701,0.2814
12702,0.3234
12703,0.2923
12704,0.2912
12705,0.3148
12706,0.3038
12707,0.2982
12708,0.3087
12709,0.2961
12710,0.2467
12711,0.2746
12712,0.2687
12713,0.3063
12714,0.2988
12715,0.2701
12716,0.2731
12717,0.2613
12718,0.2694
12719,0.2750
12720,0.3111
12721,0.2589
12722,0.2478
12723,0.2981
12724,0.2745
12725,0.2981
12726,0.2421
12727,0.2583
12728,0.3057
12729,0.2972
12730,0.3269
12731,0.2910
12732,0.2935
12733,0.2926
12734,0.2879
12735,0.2374
12736,0.2707
12737,0.2807
12738,0.3008
12739,0.2846
12740,0.2774
12741,0.2866
12742,0.2973
12743,0.2794
12744,0.2825
12745,0.2863
12746,0.2818
12747,0.2757
12748,0.2639
12749,0.2771
12750,0.2734
12751,0.2646
12752,0.3159
12753,0.2949
12754,0.2996
12755,0.2980
12756,0.2664
12757,0.3092
12758,0.3028
12759,0.2970
12760,0.2552
12761,0.2617
12762,0.2993
12763,0.2828
12764,0.2765
12765,0.3106
12766,0.2759
12767,0.3008
12768,0.2385
12769,0.2758
12770,0.2930
12771,0.3021
12772,0.3104
12773,0.2828
12774,0.2865
12775,0.2746
12776,0.2687
12777,0.2518
12778,0.2542
12779,0.3134
12780,0.3186
12781,0.3004
12782,0.2831
12783,0.2939
12784,0.2931
12785,0.2639
12786,0.2940
12787,0.2857
12788,0.3179
12789,0.2700
12790,0.2678
12791,0.2940
12792,0.2798
12793,0.2758
12794,0.2753
12795,0.3023
12796,0.3050
12797,0.2784
12798,0.3160
12799,0.2853
12800,0.3099
12801,0.2832
12802,0.2979
12803,0.2845
12804,0.3106
12805,0.2835
12806,0.2695
12807,0.3023
12808,0.2773
12809,0.2491
12810,0.2875
12811,0.2615
12812,0.2614
12813,0.2872
12814,0.3018
12815,0.2871
12816,0.2444
12817,0.2852
12818,0.3253
12819,0.2843
12820,0.2884
12821,0.3170
12822,0.3152
12823,0.2904
12824,0.3027
12825,0.2678
12826,0.2539
12827,0.2770
12828,0.2958
12829,0.2721
12830,0.3125
12831,0.3047
12832,0.2672
12833,0.2712
12834,0.2949
12835,0.2891
12836,0.2715
12837,0.3022
12838,0.2779
12839,0.2559
12840,0.2654
12841,0.2841
12842,0.2773
12843,0.2711
12844,0.2860
12845,0.3057
12846,0.3135
12847,0.2649
12848,0.2908
12849,0.2854
12850,0.2916
12851,0.2802
12852,0.2674
12853,0.2898
12854,0.3113
12855,0.3203
12856,0.2588
12857,0.2726
12858,0.3103
12859,0.2689
12860,0.2905
12861,0.2486
12862,0.2843
12863,0.2715
12864,0.2626
12865,0.2644
12866,0.2867
12867,0.2737
12868,0.2834
12869,0.2960
12870,0.2923
12871,0.3027
12872,0.2681
12873,0.2634
12874,0.2802
12875,0.2752
12876,0.2909
12877,0.3100
12878,0.2833
12879,0.2572
12880,0.2729
12881,0.2766
12882,0.3187
12883,0.2865
12884,0.2874
12885,0.3014
12886,0.2761
12887,0.3155
12888,0.2875
12889,0.3190
12890,0.2819
12891,0.2691
12892,0.2948
12893,0.2371
12894,0.2741
12895,0.2899
12896,0.2920
12897,0.2846
12898,0.2964
12899,0.2623
12900,0.2709
12901,0.2491
12902,0.3002
12903,0.2701
12904,0.2566
12905,0.3523
12906,0.2731
12907,0.2837
12908,0.2902
12909,0.2998
12910,0.2831
12911,0.2867
12912,0.2727
12913,0.2683
12914,0.3052
12915,0.2681
12916,0.2612
12917,0.2618
12918,0.2593
12919,0.3014
12920,0.2848
12921,0.2996
12922,0.3125
12923,0.3180
12924,0.2400
12925,0.2522
12926,0.2786
12927,0.3116
12928,0.3236
12929,0.2903
12930,0.3312
12931,0.2667
12932,0.2961
12933,0.2776
12934,0.3224
12935,0.2869
12936,0.3035
12937,0.3068
12938,0.3045
12939,0.2786
12940,0.2876
12941,0.2866
12942,0.2823
12943,0.2705
12944,0.2920
12945,0.2896
12946,0.2857
12947,0.2814
12948,0.2799
12949,0.2914
12950,0.2505
12951,0.2603
12952,0.2794
12953,0.2713
12954,0.3157
12955,0.2579
12956,0.2639
12957,0.2475
12958,0.2779
12959,0.2990
12960,0.2490
12961,0.2664
12962,0.2729
12963,0.2788
12964,0.2697
12965,0.3155
12966,0.2729
12967,0.2641
12968,0.2963
12969,0.2784
12970,0.2758
12971,0.2652
12972,0.2473
12973,0.2454
12974,0.3149
12975,0.2987
12976,0.2635
12977,0.2609
12978,0.2573
12979,0.2878
12980,0.3254
12981,0.3140
12982,0.2779
12983,0.2822
12984,0.2874
12985,0.2793
12986,0.2911
12987,0.2931
12988,0.2600
12989,0.2945
12990,0.2878
12991,0.2774
12992,0.2717
12993,0.2784
12994,0.2665
12995,0.2656
12996,0.2726
12997,0.2838
12998,0.2704
12999,0.2564
13000,0.2897
13001,0.3093
13002,0.3125
13003,0.2942
13004,0.2844
13005,0.2552
13006,0.2813
13007,0.2794
13008,0.2743
13009,0.2610
13010,0.2669
13011,0.2498
13012,0.2643
13013,0.2942
13014,0.2937
13015,0.2697
13016,0.2861
13017,0.3029
13018,0.2564
13019,0.2502
13020,0.2743
13021,0.2877
13022,0.2964
13023,0.2870
13024,0.2924
13025,0.2924
13026,0.2994
13027,0.2800
13028,0.3133
13029,0.2700
13030,0.2885
13031,0.2741
13032,0.2620
13033,0.2806
13034,0.3014
13035,0.2626
13036,0.2654
13037,0.3039
13038,0.2708
13039,0.2630
13040,0.2908
13041,0.2929
13042,0.2704
13043,0.2740
13044,0.2987
13045,0.2610
13046,0.2960
13047,0.2679
13048,0.2857
13049,0.2681
13050,0.2820
13051,0.2637
13052,0.2886
13053,0.2685
13054,0.2692
13055,0.2691
13056,0.2784
13057,0.2857
13058,0.2520
13059,0.2719
13060,0.2844
13061,0.2858
13062,0.2798
13063,0.3007
13064,0.2680
13065,0.2944
13066,0.3033
13067,0.2841
13068,0.2746
13069,0.2707
13070,0.2524
13071,0.2949
13072,0.2874
13073,0.2659
13074,0.2955
13075,0.2589
13076,0.2999
13077,0.2610
13078,0.2982
13079,0.2652
13080,0.2855
13081,0.2732
13082,0.3031
13083,0.2933
13084,0.2669
13085,0.2817
13086,0.2621
13087,0.2632
13088,0.2671
13089,0.2756
13090,0.3038
13091,0.2636
13092,0.2709
13093,0.2394
13094,0.3104
13095,0.2750
13096,0.2952
13097,0.2853
13098,0.2649
13099,0.2698
13100,0.3122
13101,0.2802
13102,0.2513
13103,0.2739
13104,0.2762
13105,0.2787
13106,0.3144
13107,0.2741
13108,0.3067
13109,0.2706
13110,0.2687
13111,0.3095
13112,0.3087
13113,0.2798
13114,0.2468
13115,0.2970
13116,0.2683
13117,0.2792
13118,0.2860
13119,0.2761
13120,0.2672
13121,0.2968
13122,0.2594
13123,0.2921
13124,0.2703
13125,0.2697
13126,0.2479
13127,0.2826
13128,0.2533
13129,0.2762
13130,0.2890
13131,0.2871
13132,0.2407
13133,0.2765
13134,0.3034
13135,0.2859
13136,0.2741
13137,0.2653
13138,0.2917
13139,0.3011
13140,0.2858
13141,0.2668
13142,0.2899
13143,0.2777
13144,0.2982
13145,0.2761
13146,0.2438
13147,0.3077
13148,0.2536
13149,0.2765
13150,0.2915
13151,0.2874
13152,0.3062
13153,0.2876
13154,0.2187
13155,0.3026
13156,0.2535
13157,0.2545
13158,0.2614
13159,0.2749
13160,0.2494
13161,0.2888
13162,0.2765
13163,0.2702
13164,0.3029
13165,0.2611
13166,0.2698
13167,0.2676
13168,0.2729
13169,0.2511
13170,0.2886
13171,0.2632
13172,0.2609
13173,0.3135
13174,0.2967
13175,0.2785
13176,0.2922
13177,0.2581
13178,0.2971
13179,0.2780
13180,0.2978
13181,0.2794
13182,0.2677
13183,0.2827
13184,0.2456
13185,0.2838
13186,0.2831
13187,0.2978
13188,0.2645
13189,0.2790
13190,0.2712
13191,0.2800
13192,0.2733
13193,0.2788
13194,0.2679
13195,0.2856
13196,0.2622
13197,0.2497
13198,0.2504
13199,0.2513
13200,0.3037
13201,0.2765
13202,0.2682
13203,0.2822
13204,0.2707
13205,0.2806
13206,0.2542
13207,0.2765
13208,0.2973
13209,0.2677
13210,0.2970
13211,0.2946
13212,0.2513
13213,0.2667
13214,0.2572
13215,0.2418
13216,0.2620
13217,0.3063
13218,0.3094
13219,0.2739
13220,0.2774
13221,0.2522
13222,0.2614
13223,0.2876
13224,0.2776
13225,0.2582
13226,0.2938
13227,0.2775
13228,0.2663
13229,0.2596
13230,0.2716
13231,0.2796
13232,0.2640
13233,0.2635
13234,0.2773
13235,0.2762
13236,0.2505
13237,0.3027
13238,0.2585
13239,0.2663
13240,0.2850
13241,0.2760
13242,0.2653
13243,0.2665
13244,0.2877
13245,0.2952
13246,0.2644
13247,0.2778
13248,0.2871
13249,0.2744
13250,0.2722
13251,0.3099
13252,0.2733
13253,0.2990
13254,0.3034
13255,0.2575
13256,0.2781
13257,0.2751
13258,0.2850
13259,0.2844
13260,0.2752
13261,0.2671
13262,0.2803
13263,0.2786
13264,0.2624
13265,0.2737
13266,0.2990
13267,0.2962
13268,0.2618
13269,0.2679
13270,0.2889
13271,0.2888
13272,0.3238
13273,0.2848
13274,0.2788
13275,0.2896
13276,0.3018
13277,0.2406
13278,0.2635
13279,0.2736
13280,0.2512
13281,0.2976
13282,0.2737
13283,0.2636
13284,0.3021
13285,0.2930
13286,0.2673
13287,0.2808
13288,0.2942
13289,0.2550
13290,0.2768
13291,0.2823
13292,0.2850
13293,0.3195
13294,0.2545
13295,0.2740
13296,0.2860
13297,0.2562
13298,0.2701
13299,0.2675
13300,0.2678
13301,0.2815
13302,0.2515
13303,0.2945
13304,0.2642
13305,0.2990
13306,0.2845
13307,0.2740
13308,0.2457
13309,0.2574
13310,0.2683
13311,0.2688
13312,0.2489
13313,0.2738
13314,0.2779
13315,0.2688
13316,0.2714
13317,0.2809
13318,0.2693
13319,0.2758
13320,0.2708
13321,0.3029
13322,0.2898
13323,0.2723
13324,0.2926
13325,0.2902
13326,0.2565
13327,0.2789
13328,0.2708
13329,0.2741
13330,0.2770
13331,0.2621
13332,0.2792
13333,0.2462
13334,0.2809
13335,0.2567
13336,0.2713
13337,0.2760
13338,0.2707
13339,0.2406
13340,0.2529
13341,0.2792
13342,0.2703
13343,0.2977
13344,0.2500
13345,0.2800
13346,0.2748
13347,0.2590
13348,0.2553
13349,0.2718
13350,0.2907
13351,0.2653
13352,0.2748
13353,0.2678
13354,0.2743
13355,0.3056
13356,0.3099
13357,0.2542
13358,0.2686
13359,0.3081
13360,0.2783
13361,0.2683
13362,0.2619
13363,0.2409
13364,0.2857
13365,0.2626
13366,0.2775
13367,0.2694
13368,0.2705
13369,0.2970
13370,0.2697
13371,0.2513
13372,0.2853
13373,0.2681
13374,0.2674
13375,0.2799
13376,0.2963
13377,0.3130
13378,0.2735
13379,0.2979
13380,0.2811
13381,0.3055
13382,0.2872
13383,0.2811
13384,0.2477
13385,0.2718
13386,0.3092
13387,0.2860
13388,0.2723
13389,0.2667
13390,0.2789
13391,0.2349
13392,0.2559
13393,0.2511
13394,0.2897
13395,0.2546
13396,0.2695
13397,0.2220
13398,0.2788
13399,0.2732
13400,0.2863
13401,0.2657
13402,0.2708
13403,0.2628
13404,0.2767
13405,0.2615
13406,0.2941
13407,0.3082
13408,0.2361
13409,0.2818
13410,0.2491
13411,0.2488
13412,0.2630
13413,0.2721
13414,0.2598
13415,0.3023
13416,0.2741
13417,0.2832
13418,0.2870
13419,0.2641
13420,0.2857
13421,0.2930
13422,0.2794
13423,0.2659
13424,0.2571
13425,0.2645
13426,0.2525
13427,0.2476
13428,0.2816
13429,0.2743
13430,0.2448
13431,0.2699
13432,0.2848
13433,0.2755
13434,0.2610
13435,0.3044
13436,0.2493
13437,0.2714
13438,0.3041
13439,0.2395
13440,0.2599
13441,0.2745
13442,0.2519
13443,0.2773
13444,0.2857
13445,0.3030
13446,0.2525
13447,0.2842
13448,0.2809
13449,0.2926
13450,0.2722
13451,0.2845
13452,0.2800
13453,0.2852
13454,0.2813
13455,0.2992
13456,0.2865
13457,0.2928
13458,0.2566
13459,0.3059
13460,0.2873
13461,0.2823
13462,0.2906
13463,0.2552
13464,0.2938
13465,0.2600
13466,0.2607
13467,0.2678
13468,0.2973
13469,0.2412
13470,0.2737
13471,0.2856
13472,0.2783
13473,0.2606
13474,0.2747
13475,0.2615
13476,0.2720
13477,0.2583
13478,0.2776
13479,0.2549
13480,0.2888
13481,0.2641
13482,0.2796
13483,0.2713
13484,0.2778
13485,0.2966
13486,0.3012
13487,0.2639
13488,0.2525
13489,0.3016
13490,0.2809
13491,0.2680
13492,0.2759
13493,0.2767
13494,0.2912
13495,0.3113
13496,0.2867
13497,0.2808
13498,0.2952
13499,0.2613
13500,0.2869
13501,0.3108
13502,0.2640
13503,0.2452
13504,0.2515
13505,0.2724
13506,0.2636
13507,0.2690
13508,0.2498
13509,0.2614
13510,0.3062
13511,0.2840
13512,0.2759
13513,0.2697
13514,0.2584
13515,0.2697
13516,0.2681
13517,0.2761
13518,0.2755
13519,0.2532
13520,0.2734
13521,0.2567
13522,0.2834
13523,0.2584
13524,0.2589
13525,0.3048
13526,0.2459
13527,0.2675
13528,0.3161
13529,0.2597
13530,0.3012
13531,0.2936
13532,0.2705
13533,0.2588
13534,0.2443
13535,0.2769
13536,0.2829
13537,0.3015
13538,0.2708
13539,0.2836
13540,0.2576
13541,0.2905
13542,0.2730
13543,0.2518
13544,0.2728
13545,0.2967
13546,0.2965
13547,0.2427
13548,0.2606
13549,0.2781
13550,0.2678
13551,0.3008
13552,0.2661
13553,0.2571
13554,0.2714
13555,0.2677
13556,0.2761
13557,0.2705
13558,0.2879
13559,0.2799
13560,0.2633
13561,0.2857
13562,0.2965
13563,0.2850
13564,0.2475
13565,0.2751
13566,0.2767
13567,0.2553
13568,0.3050
13569,0.2814
13570,0.2588
13571,0.2741
13572,0.3336
13573,0.2767
13574,0.2685
13575,0.2853
13576,0.2854
13577,0.2923
13578,0.2806
13579,0.2698
13580,0.2767
13581,0.2682
13582,0.2585
13583,0.2923
13584,0.2340
13585,0.2656
13586,0.2568
13587,0.2727
13588,0.2479
13589,0.3091
13590,0.2536
13591,0.2531
13592,0.2738
13593,0.2835
13594,0.2865
13595,0.2560
13596,0.2987
13597,0.2827
13598,0.2624
13599,0.2906
13600,0.2552
13601,0.2634
13602,0.2984
13603,0.2804
13604,0.2733
13605,0.2843
13606,0.2664
13607,0.2734
13608,0.2882
13609,0.2725
13610,0.2811
13611,0.2718
13612,0.2495
13613,0.2689
13614,0.2649
13615,0.2610
13616,0.2666
13617,0.2668
13618,0.2814
13619,0.2566
13620,0.2753
13621,0.2683
13622,0.2725
13623,0.2683
13624,0.2792
13625,0.2772
13626,0.2686
13627,0.2415
13628,0.2662
13629,0.2938
13630,0.2643
13631,0.2624
13632,0.2723
13633,0.2774
13634,0.2500
13635,0.3299
13636,0.2505
13637,0.3109
13638,0.2743
13639,0.2893
13640,0.2830
13641,0.2798
13642,0.2832
13643,0.2845
13644,0.2691
13645,0.3188
13646,0.2603
13647,0.2839
13648,0.2652
13649,0.2608
13650,0.2493
13651,0.2539
13652,0.2733
13653,0.2530
13654,0.2721
13655,0.2758
13656,0.2609
13657,0.2587
13658,0.2868
13659,0.2630
13660,0.2519
13661,0.2689
13662,0.2685
13663,0.2768
13664,0.2709
13665,0.2851
13666,0.2616
13667,0.2649
13668,0.2587
13669,0.2846
13670,0.2729
13671,0.2830
13672,0.2884
13673,0.2766
13674,0.2656
13675,0.2388
13676,0.2647
13677,0.2763
13678,0.2618
13679,0.2777
13680,0.2704
13681,0.2654
13682,0.2604
13683,0.2774
13684,0.2742
13685,0.2634
13686,0.2816
13687,0.2741
13688,0.2570
13689,0.2462
13690,0.2849
13691,0.3020
13692,0.2599
13693,0.2615
13694,0.2720
13695,0.2917
13696,0.2608
13697,0.2717
13698,0.2697
13699,0.2878
13700,0.2851
13701,0.2673
13702,0.2418
13703,0.2739
13704,0.2619
13705,0.2668
13706,0.2884
13707,0.2790
13708,0.2450
13709,0.2904
13710,0.2537
13711,0.2769
13712,0.2632
13713,0.2581
13714,0.3257
13715,0.2828
13716,0.2601
13717,0.2769
13718,0.2943
13719,0.2812
13720,0.2675
13721,0.2413
13722,0.2638
13723,0.2870
13724,0.2632
13725,0.2425
13726,0.2869
13727,0.2838
13728,0.2565
13729,0.2595
13730,0.2555
13731,0.2874
13732,0.2443
13733,0.2784
13734,0.2623
13735,0.3000
13736,0.2522
13737,0.2707
13738,0.2480
13739,0.2721
13740,0.3186
13741,0.2650
13742,0.2804
13743,0.2643
13744,0.2873
13745,0.2761
13746,0.2898
13747,0.2663
13748,0.2506
13749,0.2688
13750,0.2360
13751,0.2643
13752,0.2788
13753,0.2639
13754,0.2740
13755,0.2655
13756,0.2799
13757,0.2651
13758,0.2802
13759,0.2703
13760,0.2719
13761,0.2496
13762,0.2657
13763,0.2989
13764,0.2806
13765,0.2879
13766,0.2476
13767,0.2688
13768,0.2508
13769,0.2601
13770,0.2399
13771,0.2772
13772,0.2915
13773,0.2527
13774,0.2663
13775,0.2558
13776,0.2723
13777,0.2484
13778,0.2638
13779,0.2289
13780,0.2511
13781,0.2875
13782,0.2700
13783,0.3005
13784,0.2753
13785,0.2555
13786,0.2960
13787,0.2503
13788,0.2783
13789,0.2559
13790,0.2687
13791,0.2678
13792,0.2569
13793,0.2703
13794,0.2892
13795,0.2744
13796,0.2613
13797,0.2449
13798,0.2910
13799,0.2757
13800,0.2700
13801,0.2810
13802,0.2575
13803,0.2725
13804,0.2614
13805,0.2608
13806,0.2602
13807,0.2596
13808,0.3041
13809,0.2573
13810,0.2551
13811,0.2711
13812,0.2762
13813,0.2602
13814,0.2798
13815,0.2886
13816,0.2815
13817,0.2774
13818,0.2603
13819,0.2675
13820,0.2964
13821,0.2443
13822,0.2856
13823,0.2409
13824,0.2570
13825,0.2699
13826,0.2809
13827,0.2926
13828,0.2454
13829,0.2513
13830,0.2748
13831,0.2584
13832,0.3136
13833,0.2826
13834,0.2779
13835,0.2638
13836,0.2692
13837,0.2981
13838,0.2652
13839,0.2639
13840,0.2528
13841,0.2720
13842,0.2328
13843,0.2608
13844,0.2659
13845,0.2714
13846,0.2873
13847,0.2498
13848,0.2517
13849,0.2714
13850,0.2354
13851,0.2606
13852,0.2819
13853,0.2680
13854,0.2843
13855,0.2620
13856,0.2696
13857,0.2593
13858,0.2718
13859,0.2823
13860,0.2750
13861,0.2753
13862,0.2557
13863,0.2904
13864,0.2922
13865,0.2755
13866,0.2617
13867,0.2832
13868,0.2802
13869,0.2533
13870,0.2347
13871,0.2703
13872,0.2727
13873,0.2534
13874,0.2455
13875,0.2675
13876,0.2684
13877,0.2650
13878,0.3056
13879,0.2982
13880,0.2837
13881,0.2763
13882,0.2703
13883,0.2360
13884,0.2741
13885,0.2816
13886,0.2586
13887,0.2606
13888,0.2712
13889,0.2935
13890,0.2782
13891,0.2732
13892,0.2837
13893,0.2548
13894,0.2458
13895,0.2535
13896,0.2789
13897,0.2530
13898,0.2473
13899,0.2604
13900,0.2591
13901,0.2252
13902,0.2577
13903,0.2997
13904,0.2610
13905,0.2879
13906,0.2456
13907,0.2923
13908,0.2464
13909,0.2629
13910,0.2638
13911,0.3005
13912,0.2544
13913,0.2558
13914,0.2641
13915,0.2820
13916,0.2857
13917,0.2303
13918,0.2692
13919,0.2362
13920,0.2415
13921,0.2498
13922,0.2863
13923,0.2485
13924,0.2567
13925,0.2450
13926,0.2613
13927,0.2942
13928,0.2812
13929,0.2653
13930,0.2841
13931,0.2498
13932,0.2879
13933,0.2642
13934,0.2648
13935,0.2780
13936,0.2581
13937,0.2790
13938,0.2759
13939,0.2689
13940,0.2650
13941,0.2660
13942,0.2704
13943,0.2495
13944,0.2499
13945,0.2938
13946,0.2486
13947,0.2713
13948,0.2714
13949,0.2731
13950,0.2668
13951,0.2905
13952,0.2877
13953,0.2242
13954,0.2703
13955,0.2755
13956,0.2765
13957,0.2596
13958,0.2410
13959,0.2842
13960,0.2627
13961,0.2338
13962,0.3095
13963,0.2841
13964,0.2768
13965,0.2777
13966,0.2688
13967,0.2840
13968,0.2572
13969,0.2880
13970,0.2470
13971,0.2646
13972,0.2830
13973,0.2869
13974,0.2570
13975,0.2845
13976,0.2610
13977,0.2330
13978,0.2840
13979,0.2818
13980,0.2794
13981,0.2726
13982,0.2896
13983,0.2637
13984,0.2811
13985,0.2694
13986,0.2499
13987,0.2662
13988,0.2674
13989,0.2485
13990,0.2844
13991,0.3014
13992,0.2501
13993,0.2899
13994,0.2784
13995,0.2692
13996,0.2301
13997,0.2785
13998,0.2626
13999,0.2595
14000,0.2803
14001,0.2725
14002,0.2527
14003,0.2372
14004,0.2515
14005,0.2542
14006,0.3103
14007,0.3103
14008,0.2513
14009,0.2670
14010,0.2463
14011,0.2850
14012,0.2849
14013,0.2544
14014,0.2804
14015,0.3017
14016,0.2607
14017,0.2585
14018,0.2561
14019,0.2786
14020,0.2938
14021,0.2307
14022,0.2761
14023,0.2717
14024,0.2585
14025,0.2452
14026,0.2757
14027,0.2305
14028,0.2867
14029,0.2717
14030,0.2583
14031,0.2487
14032,0.3024
14033,0.2540
14034,0.2604
14035,0.2587
14036,0.2721
14037,0.2561
14038,0.2622
14039,0.2873
14040,0.2690
14041,0.2867
14042,0.2766
14043,0.2732
14044,0.2778
14045,0.2606
14046,0.2762
14047,0.2951
14048,0.2643
14049,0.2649
14050,0.2750
14051,0.2603
14052,0.2625
14053,0.2525
14054,0.2723
14055,0.2795
14056,0.2512
14057,0.2527
14058,0.2618
14059,0.2635
14060,0.2576
14061,0.2555
14062,0.3003
14063,0.2872
14064,0.2440
14065,0.2438
14066,0.2686
14067,0.2576
14068,0.2637
14069,0.2591
14070,0.2320
14071,0.2550
14072,0.2511
14073,0.2559
14074,0.2448
14075,0.2508
14076,0.2682
14077,0.2704
14078,0.2670
14079,0.2668
14080,0.2679
14081,0.2802
14082,0.2941
14083,0.2395
14084,0.2528
14085,0.2824
14086,0.2415
14087,0.2238
14088,0.2610
14089,0.2914
14090,0.2388
14091,0.2656
14092,0.2501
14093,0.2683
14094,0.2555
14095,0.2670
14096,0.2574
14097,0.2767
14098,0.2613
14099,0.2525
14100,0.2768
14101,0.2711
14102,0.2445
14103,0.2920
14104,0.2818
14105,0.2685
14106,0.2837
14107,0.2433
14108,0.2459
14109,0.2620
14110,0.2956
14111,0.2756
14112,0.2641
14113,0.2508
14114,0.2833
14115,0.2416
14116,0.2447
14117,0.2389
14118,0.2946
14119,0.2554
14120,0.2677
14121,0.2583
14122,0.2683
14123,0.2883
14124,0.2775
14125,0.2677
14126,0.2626
14127,0.2671
14128,0.2491
14129,0.2818
14130,0.2588
14131,0.2557
14132,0.2346
14133,0.2599
14134,0.2400
14135,0.2643
14136,0.2584
14137,0.2839
14138,0.2778
14139,0.2607
14140,0.2606
14141,0.2525
14142,0.2538
14143,0.2711
14144,0.2631
14145,0.2796
14146,0.2896
14147,0.2723
14148,0.2583
14149,0.2650
14150,0.2397
14151,0.2367
14152,0.2299
14153,0.2495
14154,0.2592
14155,0.2350
14156,0.2582
14157,0.2939
14158,0.2527
14159,0.2401
14160,0.2708
14161,0.2602
14162,0.2655
14163,0.2658
14164,0.2884
14165,0.2755
14166,0.2547
14167,0.2548
14168,0.2594
14169,0.2386
14170,0.2463
14171,0.2633
14172,0.2643
14173,0.2652
14174,0.2721
14175,0.2773
14176,0.2794
14177,0.2748
14178,0.2640
14179,0.2766
14180,0.2350
14181,0.2565
14182,0.2454
14183,0.2572
14184,0.2545
14185,0.2806
14186,0.2256
14187,0.2411
14188,0.2929
14189,0.2491
14190,0.2334
14191,0.2593
14192,0.2674
14193,0.2632
14194,0.2413
14195,0.2487
14196,0.2707
14197,0.2588
14198,0.2499
14199,0.2530
14200,0.2593
14201,0.2385
14202,0.2852
14203,0.2487
14204,0.2652
14205,0.2599
14206,0.2493
14207,0.2499
14208,0.2570
14209,0.2548
14210,0.2727
14211,0.2466
14212,0.2709
14213,0.2505
14214,0.2827
14215,0.2513
14216,0.2831
14217,0.2796
14218,0.2913
14219,0.2745
14220,0.2340
14221,0.2500
14222,0.2643
14223,0.2549
14224,0.2570
14225,0.2687
14226,0.2821
14227,0.2802
14228,0.2456
14229,0.2525
14230,0.2640
14231,0.2578
14232,0.2768
14233,0.2624
14234,0.2684
14235,0.2666
14236,0.2843
14237,0.2595
14238,0.2683
14239,0.2491
14240,0.2790
14241,0.2768
14242,0.2400
14243,0.2664
14244,0.2415
14245,0.2679
14246,0.2623
14247,0.2597
14248,0.2936
14249,0.2549
14250,0.2731
14251,0.2748
14252,0.2838
14253,0.2352
14254,0.2589
14255,0.2401
14256,0.2703
14257,0.2735
14258,0.2532
14259,0.2712
14260,0.2935
14261,0.2732
14262,0.2655
14263,0.2397
14264,0.2812
14265,0.2578
14266,0.2703
14267,0.2735
14268,0.2910
14269,0.2628
14270,0.2790
14271,0.2603
14272,0.2675
14273,0.2586
14274,0.2916
14275,0.2939
14276,0.2229
14277,0.2388
14278,0.2485
14279,0.2531
14280,0.2438
14281,0.2704
14282,0.2372
14283,0.2654
14284,0.2775
14285,0.2421
14286,0.2791
14287,0.2804
14288,0.2571
14289,0.2731
14290,0.2536
14291,0.2521
14292,0.2536
14293,0.2651
14294,0.2652
14295,0.2759
14296,0.2649
14297,0.2455
14298,0.2700
14299,0.2591
14300,0.2765
14301,0.2717
14302,0.2744
14303,0.2568
14304,0.2540
14305,0.2389
14306,0.2535
14307,0.2615
14308,0.2340
14309,0.2656
14310,0.2465
14311,0.2561
14312,0.2739
14313,0.2654
14314,0.2710
14315,0.2935
14316,0.2489
14317,0.2633
14318,0.2624
14319,0.2608
14320,0.2597
14321,0.2589
14322,0.2599
14323,0.2679
14324,0.2520
14325,0.2511
14326,0.2830
14327,0.2535
14328,0.2755
14329,0.2329
14330,0.2377
14331,0.2657
14332,0.2443
14333,0.2392
14334,0.2315
14335,0.2913
14336,0.2591
14337,0.2484
14338,0.2655
14339,0.2478
14340,0.2560
14341,0.2830
14342,0.2663
14343,0.2721
14344,0.2543
14345,0.2791
14346,0.2421
14347,0.2722
14348,0.2529
14349,0.2479
14350,0.2827
14351,0.2488
14352,0.2697
14353,0.2454
14354,0.2467
14355,0.2639
14356,0.2429
14357,0.2263
14358,0.3082
14359,0.2804
14360,0.2488
14361,0.2688
14362,0.2559
14363,0.2499
14364,0.2925
14365,0.2532
14366,0.2533
14367,0.2638
14368,0.2663
14369,0.2524
14370,0.2634
14371,0.2856
14372,0.2446
14373,0.2838
14374,0.2594
14375,0.2498
14376,0.2387
14377,0.2619
14378,0.2516
14379,0.2646
14380,0.2541
14381,0.2528
14382,0.2754
14383,0.2848
14384,0.2913
14385,0.2464
14386,0.2471
14387,0.2763
14388,0.2373
14389,0.2548
14390,0.2324
14391,0.2648
14392,0.2544
14393,0.2622
14394,0.2744
14395,0.2468
14396,0.2516
14397,0.2565
14398,0.2680
14399,0.3024
14400,0.2535
14401,0.2536
14402,0.2601
14403,0.2836
14404,0.2280
14405,0.2476
14406,0.2527
14407,0.2707
14408,0.2558
14409,0.2553
14410,0.2331
14411,0.2599
14412,0.2710
14413,0.2623
14414,0.2810
14415,0.2634
14416,0.2760
14417,0.2560
14418,0.2787
14419,0.2545
14420,0.2768
14421,0.2808
14422,0.2683
14423,0.2649
14424,0.2720
14425,0.2415
14426,0.2412
14427,0.2329
14428,0.2776
14429,0.2600
14430,0.2807
14431,0.2633
14432,0.2638
14433,0.2825
14434,0.2465
14435,0.2282
14436,0.2475
14437,0.2430
14438,0.2566
14439,0.2591
14440,0.2572
14441,0.2707
14442,0.2945
14443,0.2552
14444,0.2569
14445,0.2445
14446,0.2572
14447,0.2361
14448,0.2585
14449,0.2719
14450,0.2371
14451,0.2441
14452,0.2876
14453,0.2255
14454,0.2767
14455,0.2479
14456,0.2497
14457,0.2402
14458,0.2485
14459,0.2589
14460,0.2865
14461,0.2843
14462,0.2559
14463,0.2614
14464,0.2601
14465,0.2571
14466,0.2349
14467,0.2441
14468,0.3004
14469,0.2589
14470,0.2465
14471,0.2762
14472,0.2569
14473,0.2653
14474,0.2638
14475,0.2481
14476,0.2440
14477,0.2652
14478,0.2471
14479,0.2682
14480,0.2694
14481,0.2681
14482,0.2513
14483,0.2294
14484,0.2779
14485,0.2813
14486,0.2478
14487,0.2544
14488,0.2222
14489,0.2670
14490,0.2371
14491,0.2822
14492,0.2832
14493,0.2496
14494,0.2442
14495,0.2458
14496,0.2741
14497,0.2700
14498,0.2704
14499,0.2433
14500,0.2391
14501,0.2427
14502,0.2452
14503,0.2513
14504,0.2576
14505,0.2544
14506,0.2336
14507,0.2479
14508,0.2524
14509,0.2642
14510,0.2427
14511,0.2646
14512,0.2559
14513,0.2645
14514,0.2430
14515,0.2661
14516,0.2454
14517,0.2802
14518,0.2805
14519,0.2747
14520,0.2635
14521,0.2620
14522,0.2659
14523,0.2481
14524,0.2428
14525,0.2482
14526,0.2291
14527,0.2715
14528,0.2450
14529,0.2697
14530,0.2713
14531,0.2809
14532,0.2646
14533,0.2696
14534,0.2546
14535,0.2411
14536,0.2549
14537,0.2639
14538,0.2634
14539,0.2309
14540,0.2656
14541,0.2541
14542,0.2846
14543,0.2425
14544,0.2468
14545,0.2653
14546,0.2616
14547,0.2608
14548,0.2482
14549,0.2860
14550,0.2605
14551,0.2677
14552,0.2437
14553,0.2522
14554,0.2463
14555,0.2676
14556,0.2769
14557,0.2631
14558,0.2551
14559,0.2686
14560,0.2534
14561,0.2656
14562,0.2575
14563,0.2591
14564,0.2608
14565,0.2700
14566,0.2550
14567,0.2545
14568,0.2789
14569,0.2497
14570,0.2562
14571,0.2694
14572,0.2654
14573,0.2557
14574,0.2806
14575,0.2571
14576,0.2557
14577,0.2599
14578,0.2745
14579,0.2472
14580,0.2643
14581,0.2763
14582,0.2301
14583,0.2597
14584,0.2562
14585,0.2425
14586,0.2540
14587,0.2292
14588,0.2605
14589,0.2443
14590,0.2485
14591,0.2675
14592,0.2970
14593,0.2705
14594,0.2700
14595,0.2514
14596,0.2734
14597,0.2360
14598,0.2711
14599,0.2515
14600,0.2855
14601,0.2393
14602,0.2531
14603,0.2687
14604,0.2481
14605,0.2496
14606,0.2704
14607,0.2573
14608,0.2542
14609,0.2665
14610,0.2381
14611,0.2675
14612,0.2606
14613,0.2557
14614,0.2248
14615,0.2226
14616,0.2619
14617,0.2595
14618,0.2453
14619,0.2737
14620,0.2774
14621,0.2244
14622,0.2391
14623,0.2524
14624,0.2501
14625,0.3063
14626,0.2405
14627,0.2710
14628,0.2528
14629,0.2707
14630,0.2742
14631,0.2597
14632,0.2301
14633,0.2399
14634,0.2574
14635,0.2430
14636,0.2414
14637,0.2492
14638,0.2776
14639,0.2674
14640,0.2294
14641,0.2543
14642,0.2565
14643,0.2719
14644,0.2857
14645,0.2710
14646,0.2796
14647,0.2595
14648,0.2430
14649,0.2738
14650,0.2276
14651,0.2514
14652,0.2605
14653,0.2282
14654,0.2374
14655,0.2259
14656,0.2613
14657,0.2526
14658,0.2448
14659,0.2734
14660,0.2502
14661,0.2597
14662,0.2688
14663,0.2429
14664,0.2576
14665,0.2624
14666,0.2531
14667,0.2386
14668,0.2389
14669,0.2285
14670,0.2833
14671,0.2716
14672,0.2332
14673,0.2618
14674,0.2210
14675,0.2354
14676,0.2475
14677,0.2647
14678,0.2627
14679,0.2562
14680,0.2767
14681,0.2812
14682,0.2240
14683,0.2718
14684,0.2466
14685,0.2534
14686,0.2621
14687,0.2810
14688,0.2496
14689,0.2562
14690,0.2642
14691,0.2611
14692,0.2815
14693,0.2917
14694,0.2844
14695,0.2460
14696,0.2553
14697,0.2430
14698,0.2511
14699,0.2573
14700,0.2781
14701,0.2257
14702,0.2338
14703,0.2666
14704,0.2891
14705,0.2769
14706,0.2577
14707,0.2659
14708,0.2554
14709,0.2669
14710,0.2562
14711,0.2376
14712,0.2814
14713,0.2358
14714,0.2705
14715,0.2679
14716,0.2355
14717,0.2547
14718,0.2462
14719,0.2425
14720,0.2538
14721,0.2735
14722,0.2540
14723,0.2630
14724,0.2471
14725,0.2334
14726,0.2345
14727,0.2510
14728,0.2543
14729,0.2460
14730,0.2481
14731,0.2400
14732,0.2664
14733,0.2491
14734,0.2426
14735,0.2484
14736,0.2737
14737,0.2714
14738,0.2595
14739,0.2736
14740,0.2438
14741,0.2872
14742,0.2571
14743,0.2863
14744,0.2588
14745,0.2747
14746,0.2495
14747,0.2518
14748,0.2778
14749,0.2276
14750,0.2624
14751,0.2225
14752,0.2333
14753,0.2458
14754,0.2719
14755,0.2384
14756,0.2704
14757,0.2432
14758,0.2617
14759,0.2480
14760,0.2541
14761,0.2398
14762,0.2762
14763,0.2782
14764,0.2602
14765,0.2691
14766,0.2546
14767,0.2467
14768,0.2764
14769,0.2563
14770,0.2296
14771,0.2535
14772,0.2874
14773,0.2271
14774,0.2197
14775,0.2584
14776,0.2467
14777,0.2437
14778,0.2567
14779,0.2489
14780,0.2588
14781,0.2363
14782,0.2481
14783,0.2364
14784,0.2811
14785,0.2288
14786,0.2626
14787,0.2497
14788,0.2502
14789,0.2654
14790,0.2515
14791,0.2618
14792,0.2625
14793,0.2596
14794,0.2436
14795,0.2571
14796,0.2292
14797,0.2747
14798,0.2674
14799,0.2519
14800,0.2622
14801,0.2764
14802,0.2954
14803,0.2404
14804,0.2540
14805,0.2447
14806,0.2533
14807,0.2509
14808,0.2485
14809,0.2500
14810,0.2509
14811,0.2705
14812,0.2645
14813,0.2515
14814,0.2365
14815,0.2454
14816,0.2665
14817,0.2698
14818,0.2384
14819,0.2563
14820,0.2600
14821,0.2742
14822,0.2457
14823,0.2308
14824,0.2593
14825,0.2810
14826,0.2378
14827,0.2645
14828,0.2945
14829,0.2490
14830,0.2429
14831,0.2593
14832,0.2312
14833,0.2336
14834,0.2500
14835,0.2330
14836,0.2434
14837,0.2576
14838,0.2525
14839,0.2632
14840,0.2785
14841,0.2692
14842,0.2430
14843,0.2713
14844,0.2617
14845,0.2605
14846,0.2609
14847,0.2588
14848,0.2474
14849,0.2770
14850,0.2736
14851,0.2470
14852,0.2782
14853,0.2442
14854,0.2533
14855,0.2583
14856,0.2509
14857,0.2430
14858,0.2692
14859,0.2518
14860,0.2429
14861,0.2447
14862,0.2610
14863,0.2289
14864,0.2376
14865,0.2636
14866,0.2364
14867,0.2591
14868,0.2428
14869,0.2576
14870,0.2265
14871,0.2339
14872,0.2524
14873,0.2797
14874,0.2365
14875,0.2612
14876,0.2668
14877,0.2591
14878,0.2633
14879,0.2641
14880,0.2499
14881,0.2692
14882,0.2649
14883,0.2871
14884,0.2593
14885,0.2331
14886,0.2540
14887,0.2630
14888,0.2446
14889,0.2611
14890,0.2525
14891,0.2289
14892,0.2734
14893,0.2415
14894,0.2531
14895,0.2666
14896,0.2463
14897,0.2850
14898,0.2593
14899,0.2281
14900,0.2508
14901,0.2551
14902,0.2369
14903,0.2670
14904,0.2762
14905,0.2552
14906,0.2345
14907,0.2520
14908,0.2913
14909,0.2795
14910,0.2575
14911,0.2262
14912,0.2327
14913,0.2578
14914,0.2484
14915,0.2348
14916,0.2428
14917,0.2642
14918,0.2471
14919,0.2494
14920,0.2610
14921,0.2593
14922,0.2618
14923,0.2399
14924,0.2529
14925,0.2407
14926,0.2301
14927,0.2781
14928,0.2471
14929,0.2431
14930,0.2422
14931,0.2442
14932,0.2520
14933,0.2223
14934,0.2361
14935,0.2588
14936,0.2461
14937,0.2416
14938,0.2568
14939,0.2416
14940,0.2762
14941,0.2703
14942,0.2577
14943,0.2588
14944,0.2639
14945,0.2559
14946,0.2365
14947,0.2517
14948,0.2861
14949,0.2640
14950,0.2526
14951,0.2746
14952,0.2814
14953,0.2836
14954,0.2367
14955,0.2569
14956,0.2527
14957,0.2542
14958,0.2339
14959,0.2449
14960,0.2533
14961,0.2610
14962,0.2162
14963,0.2539
14964,0.2350
14965,0.2557
14966,0.2408
14967,0.2612
14968,0.2618
14969,0.2713
14970,0.2274
14971,0.2414
14972,0.2491
14973,0.2606
14974,0.2487
14975,0.2662
14976,0.2667
14977,0.2306
14978,0.2363
14979,0.2599
14980,0.2507
14981,0.2324
14982,0.2519
14983,0.2797
14984,0.2704
14985,0.2673
14986,0.2675
14987,0.2594
14988,0.2430
14989,0.2368
14990,0.2388
14991,0.2392
14992,0.2576
14993,0.2347
14994,0.2546
14995,0.2465
14996,0.2455
14997,0.2481
14998,0.2490
14999,0.2366
15000,0.2617
15001,0.2612
15002,0.2500
15003,0.2448
15004,0.2407
15005,0.2831
15006,0.2381
15007,0.2621
15008,0.2675
15009,0.2562
15010,0.2683
15011,0.2473
15012,0.2420
15013,0.2247
15014,0.2615
15015,0.2587
15016,0.2399
15017,0.2483
15018,0.2559
15019,0.2369
15020,0.2685
15021,0.2436
15022,0.2624
15023,0.2513
15024,0.2179
15025,0.2320
15026,0.2420
15027,0.2685
15028,0.2384
15029,0.2296
15030,0.2221
15031,0.2569
15032,0.2627
15033,0.2577
15034,0.2535
15035,0.2774
15036,0.2682
15037,0.2298
15038,0.2288
15039,0.2579
15040,0.2817
15041,0.2318
15042,0.2489
15043,0.2626
15044,0.2496
15045,0.2538
15046,0.2526
15047,0.2357
15048,0.2618
15049,0.2345
15050,0.2651
15051,0.2290
15052,0.2580
15053,0.2362
15054,0.2658
15055,0.2644
15056,0.2737
15057,0.2439
15058,0.2450
15059,0.2662
15060,0.2469
15061,0.2641
15062,0.2711
15063,0.2443
15064,0.2381
15065,0.2472
15066,0.2600
15067,0.2585
15068,0.2288
15069,0.2822
15070,0.2705
15071,0.2577
15072,0.2854
15073,0.2549
15074,0.2602
15075,0.2359
15076,0.2626
15077,0.2554
15078,0.2354
15079,0.2645
15080,0.2339
15081,0.2572
15082,0.2698
15083,0.2356
15084,0.2418
15085,0.2274
15086,0.2460
15087,0.2536
15088,0.2340
15089,0.2080
15090,0.2335
15091,0.2385
15092,0.2570
15093,0.2324
15094,0.2257
15095,0.2632
15096,0.2494
15097,0.2545
15098,0.2504
15099,0.2481
15100,0.2394
15101,0.2391
15102,0.2284
15103,0.2434
15104,0.2342
15105,0.2356
15106,0.2407
15107,0.2499
15108,0.2474
15109,0.2481
15110,0.2415
15111,0.2757
15112,0.2345
15113,0.2543
15114,0.2577
15115,0.2717
15116,0.2752
15117,0.2432
15118,0.2427
15119,0.2616
15120,0.2749
15121,0.2385
15122,0.2401
15123,0.2330
15124,0.2621
15125,0.2692
15126,0.2407
15127,0.2644
15128,0.2540
15129,0.2751
15130,0.2650
15131,0.2480
15132,0.2640
15133,0.2474
15134,0.2505
15135,0.2510
15136,0.2651
15137,0.2409
15138,0.2385
15139,0.2222
15140,0.2275
15141,0.2487
15142,0.2584
15143,0.2407
15144,0.2450
15145,0.2572
15146,0.2478
15147,0.2623
15148,0.2553
15149,0.2533
15150,0.2383
15151,0.2865
15152,0.2247
15153,0.2666
15154,0.2370
15155,0.2740
15156,0.2442
15157,0.2402
15158,0.2472
15159,0.2541
15160,0.2552
15161,0.2516
15162,0.2494
15163,0.2388
15164,0.2705
15165,0.2415
15166,0.2439
15167,0.2468
15168,0.2724
15169,0.2332
15170,0.2696
15171,0.2435
15172,0.2514
15173,0.2546
15174,0.2466
15175,0.2305
15176,0.2381
15177,0.2004
15178,0.2472
15179,0.2666
15180,0.2333
15181,0.2427
15182,0.2502
15183,0.2708
15184,0.2365
15185,0.2450
15186,0.2235
15187,0.2362
15188,0.2243
15189,0.2336
15190,0.2716
15191,0.2467
15192,0.2322
15193,0.2792
15194,0.2646
15195,0.2715
15196,0.2390
15197,0.2846
15198,0.2889
15199,0.2483
15200,0.2370
15201,0.2584
15202,0.2668
15203,0.2584
15204,0.2587
15205,0.2539
15206,0.2322
15207,0.2402
15208,0.2495
15209,0.2515
15210,0.2804
15211,0.2111
15212,0.2635
15213,0.2632
15214,0.2290
15215,0.2597
15216,0.2521
15217,0.2395
15218,0.2529
15219,0.2371
15220,0.2635
15221,0.2707
15222,0.2688
15223,0.3022
15224,0.2198
15225,0.2613
15226,0.2512
15227,0.2602
15228,0.2392
15229,0.2434
15230,0.2755
15231,0.2258
15232,0.2369
15233,0.2491
15234,0.2527
15235,0.2404
15236,0.2397
15237,0.2546
15238,0.3060
15239,0.2680
15240,0.2522
15241,0.2236
15242,0.2230
15243,0.2554
15244,0.2632
15245,0.2484
15246,0.2348
15247,0.2311
15248,0.2411
15249,0.2267
15250,0.2383
15251,0.2803
15252,0.2477
15253,0.2461
15254,0.2685
15255,0.2638
15256,0.2359
15257,0.2840
15258,0.2668
15259,0.2441
15260,0.2458
15261,0.2370
15262,0.2572
15263,0.2587
15264,0.2629
15265,0.2720
15266,0.2563
15267,0.2601
15268,0.2213
15269,0.2530
15270,0.2498
15271,0.2323
15272,0.2858
15273,0.2411
15274,0.2633
15275,0.2528
15276,0.2792
15277,0.2414
15278,0.2550
15279,0.2489
15280,0.2520
15281,0.2368
15282,0.2370
15283,0.2214
15284,0.2443
15285,0.2588
15286,0.2621
15287,0.2525
15288,0.2554
15289,0.2519
15290,0.2594
15291,0.2432
15292,0.2293
15293,0.2216
15294,0.2700
15295,0.2408
15296,0.2600
15297,0.2389
15298,0.2760
15299,0.2417
15300,0.2459
15301,0.2658
15302,0.2505
15303,0.2545
15304,0.2407
15305,0.2404
15306,0.2334
15307,0.2809
15308,0.2437
15309,0.2451
15310,0.2405
15311,0.2362
15312,0.2342
15313,0.2379
15314,0.2580
15315,0.2375
15316,0.2418
15317,0.2460
15318,0.2668
15319,0.2426
15320,0.2412
15321,0.2621
15322,0.2690
15323,0.2600
15324,0.2456
15325,0.2449
15326,0.2476
15327,0.2325
15328,0.2463
15329,0.2624
15330,0.2445
15331,0.2395
15332,0.2455
15333,0.2506
15334,0.2867
15335,0.2582
15336,0.2527
15337,0.2562
15338,0.2555
15339,0.2747
15340,0.2372
15341,0.2681
15342,0.2647
15343,0.2435
15344,0.2797
15345,0.2430
15346,0.2503
15347,0.2469
15348,0.2650
15349,0.2696
15350,0.2553
15351,0.2402
15352,0.2796
15353,0.2286
15354,0.2778
15355,0.2444
15356,0.2514
15357,0.2707
15358,0.2437
15359,0.2109
15360,0.2482
15361,0.2378
15362,0.2830
15363,0.2502
15364,0.2551
15365,0.2350
15366,0.2214
15367,0.2615
15368,0.2703
15369,0.2509
15370,0.2437
15371,0.2390
15372,0.2215
15373,0.2470
15374,0.2384
15375,0.2395
15376,0.2218
15377,0.2445
15378,0.2453
15379,0.2227
15380,0.2716
15381,0.2589
15382,0.2536
15383,0.2269
15384,0.2796
15385,0.2375
15386,0.2919
15387,0.2365
15388,0.2429
15389,0.2523
15390,0.2325
15391,0.2260
15392,0.2456
15393,0.2357
15394,0.2562
15395,0.2632
15396,0.2354
15397,0.2263
15398,0.2796
15399,0.2361
15400,0.2673
15401,0.2427
15402,0.2206
15403,0.2383
15404,0.2450
15405,0.2454
15406,0.2426
15407,0.2251
15408,0.2205
15409,0.2333
15410,0.2276
15411,0.2413
15412,0.2493
15413,0.2246
15414,0.2452
15415,0.2604
15416,0.2628
15417,0.2322
15418,0.2355
15419,0.2464
15420,0.2230
15421,0.2428
15422,0.2363
15423,0.2495
15424,0.2488
15425,0.2473
15426,0.2669
15427,0.2335
15428,0.2382
15429,0.2480
15430,0.2316
15431,0.2441
15432,0.2536
15433,0.2502
15434,0.2342
15435,0.2688
15436,0.2361
15437,0.2212
15438,0.2581
15439,0.2479
15440,0.2303
15441,0.2482
15442,0.2742
15443,0.2632
15444,0.2452
15445,0.2549
15446,0.2735
15447,0.2144
15448,0.2787
15449,0.2575
15450,0.2392
15451,0.2589
15452,0.2669
15453,0.2248
15454,0.2602
15455,0.2196
15456,0.2380
15457,0.2527
15458,0.2487
15459,0.2627
15460,0.2248
15461,0.2376
15462,0.2461
15463,0.2440
15464,0.2750
15465,0.2172
15466,0.2416
15467,0.2404
15468,0.2407
15469,0.2297
15470,0.2601
15471,0.2499
15472,0.2463
15473,0.2653
15474,0.2352
15475,0.2668
15476,0.2188
15477,0.2474
15478,0.2377
15479,0.2447
15480,0.2580
15481,0.2129
15482,0.2550
15483,0.2439
15484,0.2648
15485,0.2528
15486,0.2761
15487,0.2356
15488,0.2933
15489,0.2367
15490,0.2454
15491,0.2194
15492,0.2495
15493,0.2324
15494,0.2330
15495,0.2244
15496,0.2229
15497,0.2417
15498,0.2396
15499,0.2309
15500,0.2632
15501,0.2564
15502,0.2334
15503,0.2341
15504,0.2629
15505,0.2318
15506,0.2431
15507,0.2380
15508,0.2534
15509,0.2431
15510,0.2521
15511,0.2425
15512,0.2547
15513,0.2379
15514,0.2796
15515,0.2463
15516,0.2772
15517,0.2682
15518,0.2433
15519,0.2593
15520,0.2569
15521,0.2612
15522,0.2389
15523,0.2539
15524,0.2514
15525,0.2642
15526,0.2663
15527,0.2606
15528,0.2349
15529,0.2538
15530,0.2406
15531,0.2513
15532,0.2292
15533,0.2504
15534,0.2426
15535,0.2557
15536,0.2339
15537,0.2537
15538,0.2532
15539,0.2638
15540,0.2206
15541,0.2481
15542,0.2723
15543,0.2427
15544,0.2371
15545,0.2441
15546,0.2315
15547,0.2395
15548,0.2440
15549,0.2532
15550,0.2664
15551,0.2488
15552,0.2547
15553,0.2620
15554,0.2311
15555,0.2467
15556,0.2405
15557,0.2453
15558,0.2481
15559,0.2416
15560,0.2258
15561,0.2505
15562,0.2582
15563,0.2553
15564,0.2460
15565,0.2397
15566,0.2508
15567,0.2550
15568,0.2592
15569,0.2578
15570,0.2706
15571,0.2376
15572,0.2509
15573,0.2189
15574,0.2427
15575,0.2272
15576,0.2445
15577,0.2627
15578,0.2513
15579,0.2643
15580,0.2667
15581,0.2547
15582,0.2374
15583,0.2723
15584,0.2602
15585,0.2169
15586,0.2323
15587,0.2215
15588,0.2361
15589,0.2450
15590,0.2265
15591,0.2736
15592,0.2379
15593,0.2428
15594,0.2371
15595,0.2462
15596,0.2724
15597,0.2369
15598,0.2372
15599,0.2420
15600,0.2593
15601,0.2377
15602,0.2648
15603,0.2521
15604,0.2402
15605,0.2578
15606,0.2779
15607,0.2522
15608,0.2510
15609,0.2321
15610,0.2536
15611,0.2542
15612,0.2688
15613,0.2570
15614,0.2473
15615,0.2268
15616,0.2226
15617,0.2196
15618,0.2494
15619,0.2620
15620,0.2402
15621,0.2320
15622,0.2576
15623,0.2733
15624,0.2427
15625,0.2601
15626,0.2047
15627,0.2372
15628,0.2388
15629,0.2544
15630,0.2157
15631,0.2406
15632,0.2431
15633,0.2597
15634,0.2370
15635,0.2249
15636,0.2537
15637,0.2330
15638,0.2267
15639,0.2556
15640,0.2592
15641,0.2477
15642,0.2496
15643,0.2335
15644,0.2410
15645,0.2557
15646,0.2531
15647,0.2277
15648,0.2591
15649,0.2208
15650,0.2305
15651,0.2654
15652,0.2531
15653,0.2451
15654,0.2747
15655,0.2513
15656,0.2350
15657,0.2350
15658,0.2389
15659,0.2329
15660,0.2175
15661,0.2346
15662,0.2269
15663,0.2420
15664,0.2506
15665,0.2510
15666,0.2517
15667,0.2197
15668,0.2466
15669,0.2145
15670,0.2177
15671,0.2522
15672,0.2180
15673,0.2484
15674,0.2499
15675,0.2317
15676,0.2424
15677,0.2704
15678,0.2567
15679,0.2651
15680,0.2464
15681,0.2616
15682,0.2580
15683,0.2230
15684,0.2358
15685,0.2736
15686,0.2760
15687,0.2665
15688,0.2634
15689,0.2491
15690,0.2323
15691,0.2333
15692,0.2580
15693,0.2319
15694,0.2391
15695,0.2509
15696,0.2301
15697,0.2529
15698,0.2509
15699,0.2531
15700,0.2380
15701,0.2612
15702,0.2526
15703,0.2667
15704,0.2585
15705,0.2535
15706,0.2465
15707,0.2497
15708,0.2432
15709,0.2156
15710,0.2324
15711,0.2488
15712,0.2249
15713,0.2610
15714,0.2560
15715,0.2384
15716,0.2331
15717,0.2409
15718,0.2471
15719,0.2515
15720,0.2487
15721,0.2647
15722,0.2442
15723,0.2394
15724,0.2476
15725,0.2392
15726,0.2571
15727,0.2427
15728,0.2245
15729,0.2546
15730,0.2417
15731,0.2600
15732,0.2567
15733,0.2441
15734,0.2581
15735,0.2208
15736,0.2331
15737,0.2126
15738,0.2639
15739,0.2229
15740,0.2263
15741,0.2290
15742,0.2506
15743,0.2620
15744,0.2283
15745,0.2778
15746,0.2353
15747,0.2431
15748,0.2518
15749,0.2427
15750,0.2846
15751,0.2421
15752,0.2391
15753,0.2270
15754,0.2282
15755,0.2608
15756,0.2418
15757,0.2709
15758,0.2574
15759,0.2475
15760,0.2234
15761,0.2430
15762,0.2403
15763,0.2174
15764,0.2182
15765,0.2395
15766,0.2483
15767,0.2354
15768,0.2716
15769,0.2175
15770,0.2260
15771,0.2138
15772,0.2638
15773,0.2261
15774,0.2376
15775,0.2297
15776,0.2378
15777,0.2457
15778,0.2782
15779,0.2309
15780,0.2505
15781,0.2443
15782,0.2686
15783,0.2287
15784,0.2724
15785,0.2261
15786,0.2141
15787,0.2558
15788,0.2453
15789,0.2405
15790,0.2573
15791,0.2278
15792,0.2406
15793,0.2730
15794,0.2522
15795,0.2454
15796,0.2511
15797,0.2382
15798,0.2995
15799,0.2468
15800,0.2260
15801,0.2439
15802,0.2114
15803,0.2289
15804,0.2434
15805,0.2639
15806,0.2450
15807,0.2567
15808,0.2487
15809,0.2501
15810,0.2658
15811,0.2563
15812,0.1972
15813,0.2514
15814,0.2569
15815,0.2313
15816,0.2504
15817,0.2397
15818,0.2665
15819,0.2768
15820,0.2255
15821,0.2431
15822,0.2532
15823,0.2450
15824,0.2571
15825,0.2580
15826,0.2562
15827,0.2416
15828,0.2408
15829,0.2320
15830,0.2245
15831,0.2391
15832,0.2477
15833,0.2042
15834,0.2365
15835,0.2271
15836,0.2530
15837,0.2163
15838,0.2631
15839,0.2590
15840,0.2543
15841,0.2285
15842,0.2348
15843,0.2650
15844,0.2194
15845,0.2278
15846,0.2227
15847,0.2298
15848,0.2335
15849,0.2403
15850,0.2528
15851,0.2521
15852,0.2283
15853,0.2351
15854,0.2604
15855,0.2425
15856,0.2386
15857,0.2155
15858,0.2449
15859,0.2474
15860,0.2381
15861,0.2443
15862,0.2540
15863,0.2641
15864,0.2365
15865,0.2166
15866,0.2759
15867,0.2349
15868,0.2654
15869,0.2359
15870,0.2382
15871,0.2506
15872,0.2214
15873,0.2385
15874,0.2179
15875,0.2318
15876,0.2392
15877,0.2439
15878,0.2411
15879,0.2566
15880,0.2401
15881,0.2449
15882,0.2356
15883,0.2515
15884,0.2197
15885,0.2361
15886,0.2264
15887,0.2346
15888,0.2516
15889,0.2434
15890,0.2357
15891,0.2188
15892,0.2356
15893,0.2508
15894,0.2295
15895,0.2487
15896,0.2563
15897,0.2551
15898,0.2358
15899,0.2263
15900,0.2243
15901,0.2265
15902,0.2185
15903,0.2456
15904,0.2583
15905,0.2390
15906,0.2526
15907,0.2263
15908,0.2264
15909,0.2412
15910,0.2348
15911,0.2611
15912,0.2320
15913,0.2400
15914,0.2388
15915,0.2470
15916,0.2487
15917,0.2348
15918,0.2491
15919,0.2523
15920,0.2324
15921,0.2507
15922,0.2396
15923,0.2454
15924,0.2547
15925,0.2284
15926,0.2037
15927,0.2373
15928,0.2736
15929,0.2540
15930,0.2487
15931,0.2275
15932,0.2376
15933,0.2526
15934,0.2360
15935,0.2538
15936,0.2278
15937,0.2577
15938,0.2432
15939,0.2283
15940,0.2288
15941,0.2555
15942,0.2564
15943,0.2288
15944,0.2369
15945,0.2214
15946,0.2556
15947,0.2483
15948,0.2281
15949,0.2564
15950,0.2388
15951,0.2223
15952,0.2482
15953,0.2387
15954,0.2328
15955,0.2300
15956,0.2448
15957,0.2406
15958,0.2364
15959,0.2654
15960,0.2402
15961,0.2487
15962,0.2281
15963,0.2555
15964,0.2220
15965,0.2638
15966,0.2411
15967,0.2471
15968,0.2407
15969,0.2503
15970,0.2257
15971,0.2264
15972,0.2536
15973,0.2647
15974,0.2149
15975,0.2192
15976,0.2211
15977,0.2469
15978,0.2491
15979,0.2225
15980,0.2530
15981,0.2386
15982,0.2488
15983,0.2356
15984,0.2440
15985,0.2287
15986,0.2321
15987,0.2306
15988,0.2321
15989,0.2549
15990,0.2350
15991,0.2240
15992,0.2708
15993,0.2290
15994,0.2513
15995,0.2287
15996,0.2186
15997,0.2488
15998,0.2151
15999,0.2442
16000,0.2111
16001,0.2190
16002,0.2278
16003,0.2432
16004,0.2213
16005,0.2367
16006,0.2472
16007,0.2445
16008,0.2551
16009,0.2037
16010,0.2522
16011,0.2269
16012,0.2410
16013,0.2657
16014,0.2631
16015,0.2541
16016,0.2229
16017,0.2391
16018,0.2408
16019,0.2364
16020,0.2172
16021,0.2308
16022,0.2507
16023,0.2585
16024,0.2349
16025,0.2576
16026,0.2275
16027,0.2427
16028,0.2447
16029,0.2629
16030,0.2213
16031,0.2224
16032,0.2403
16033,0.2257
16034,0.2371
16035,0.2271
16036,0.2748
16037,0.2272
16038,0.2443
16039,0.2521
16040,0.2370
16041,0.2237
16042,0.2484
16043,0.2312
16044,0.2256
16045,0.2363
16046,0.2333
16047,0.2394
16048,0.2533
16049,0.2606
16050,0.2534
16051,0.2490
16052,0.2750
16053,0.2466
16054,0.2353
16055,0.2284
16056,0.2600
16057,0.2390
16058,0.2343
16059,0.2296
16060,0.2135
16061,0.2263
16062,0.2398
16063,0.2257
16064,0.2295
16065,0.2506
16066,0.2521
16067,0.2355
16068,0.2285
16069,0.2170
16070,0.2369
16071,0.2570
16072,0.2645
16073,0.2558
16074,0.2294
16075,0.2353
16076,0.2602
16077,0.2437
16078,0.2212
16079,0.2344
16080,0.2385
16081,0.2285
16082,0.2298
16083,0.2587
16084,0.2235
16085,0.2528
16086,0.2188
16087,0.2438
16088,0.2564
16089,0.2354
16090,0.2419
16091,0.2158
16092,0.2388
16093,0.2561
16094,0.2398
16095,0.2434
16096,0.2354
16097,0.2356
16098,0.2512
16099,0.2360
16100,0.2401
16101,0.2349
16102,0.2281
16103,0.2339
16104,0.2755
16105,0.2349
16106,0.2485
16107,0.2316
16108,0.2377
16109,0.2416
16110,0.2224
16111,0.2584
16112,0.2332
16113,0.2574
16114,0.2504
16115,0.2617
16116,0.2441
16117,0.2500
16118,0.2281
16119,0.2256
16120,0.2067
16121,0.2466
16122,0.2503
16123,0.2665
16124,0.2411
16125,0.2357
16126,0.2219
16127,0.2272
16128,0.2395
16129,0.2387
16130,0.2531
16131,0.2371
16132,0.2531
16133,0.2317
16134,0.2321
16135,0.2228
16136,0.2558
16137,0.2221
16138,0.2600
16139,0.2509
16140,0.2494
16141,0.2600
16142,0.2362
16143,0.2519
16144,0.2494
16145,0.2257
16146,0.2476
16147,0.2418
16148,0.2324
16149,0.2480
16150,0.2618
16151,0.2143
16152,0.2525
16153,0.2278
16154,0.2651
16155,0.2525
16156,0.2568
16157,0.2498
16158,0.2506
16159,0.2823
16160,0.2617
16161,0.2160
16162,0.2503
16163,0.2396
16164,0.2465
16165,0.2396
16166,0.2263
16167,0.2452
16168,0.2583
16169,0.2646
16170,0.2419
16171,0.2259
16172,0.2435
16173,0.2228
16174,0.2329
16175,0.2243
16176,0.2411
16177,0.2375
16178,0.2413
16179,0.2476
16180,0.2290
16181,0.2130
16182,0.2365
16183,0.2162
16184,0.2517
16185,0.2407
16186,0.2535
16187,0.2404
16188,0.2494
16189,0.2160
16190,0.2412
16191,0.2270
16192,0.2212
16193,0.2431
16194,0.2316
16195,0.2673
16196,0.2561
16197,0.2242
16198,0.2375
16199,0.2319
16200,0.2559
16201,0.2242
16202,0.2276
16203,0.2359
16204,0.2008
16205,0.2647
16206,0.2528
16207,0.2123
16208,0.2447
16209,0.2257
16210,0.2664
16211,0.2609
16212,0.2410
16213,0.2228
16214,0.2434
16215,0.2399
16216,0.2509
16217,0.2222
16218,0.2167
16219,0.2259
16220,0.2061
16221,0.2467
16222,0.2439
16223,0.2522
16224,0.2144
16225,0.2283
16226,0.2503
16227,0.2352
16228,0.2696
16229,0.2594
16230,0.2518
16231,0.2297
16232,0.2365
16233,0.2317
16234,0.2276
16235,0.2361
16236,0.2540
16237,0.2171
16238,0.2230
16239,0.2704
16240,0.2225
16241,0.2319
16242,0.2341
16243,0.2317
16244,0.2466
16245,0.2372
16246,0.2288
16247,0.2217
16248,0.2459
16249,0.2377
16250,0.2566
16251,0.2223
16252,0.2372
16253,0.2191
16254,0.2167
16255,0.2202
16256,0.2382
16257,0.2353
16258,0.2373
16259,0.2470
16260,0.2360
16261,0.2444
16262,0.2240
16263,0.2337
16264,0.2333
16265,0.2824
16266,0.2278
16267,0.2267
16268,0.2687
16269,0.2388
16270,0.2440
16271,0.2489
16272,0.2363
16273,0.2627
16274,0.2518
16275,0.2448
16276,0.2519
16277,0.2281
16278,0.2529
16279,0.2463
16280,0.2086
16281,0.2193
16282,0.2441
16283,0.2423
16284,0.2300
16285,0.2295
16286,0.2606
16287,0.2634
16288,0.2446
16289,0.2514
16290,0.2340
16291,0.2582
16292,0.2476
16293,0.2482
16294,0.2609
16295,0.2435
16296,0.2419
16297,0.2269
16298,0.2348
16299,0.2143
16300,0.2365
16301,0.2144
16302,0.2154
16303,0.2477
16304,0.2401
16305,0.2233
16306,0.2322
16307,0.2306
16308,0.2456
16309,0.2579
16310,0.2316
16311,0.2113
16312,0.2204
16313,0.2318
16314,0.2666
16315,0.2357
16316,0.2624
16317,0.2308
16318,0.2433
16319,0.2538
16320,0.2430
16321,0.2485
16322,0.2297
16323,0.2260
16324,0.2453
16325,0.2535
16326,0.2406
16327,0.2394
16328,0.2058
16329,0.2428
16330,0.2568
16331,0.2474
16332,0.2520
16333,0.2380
16334,0.2451
16335,0.2261
16336,0.2597
16337,0.2253
16338,0.2224
16339,0.2564
16340,0.2289
16341,0.2364
16342,0.2378
16343,0.2360
16344,0.2277
16345,0.2402
16346,0.2574
16347,0.2268
16348,0.2307
16349,0.2428
16350,0.2306
16351,0.2299
16352,0.2334
16353,0.2241
16354,0.2370
16355,0.2589
16356,0.2165
16357,0.2424
16358,0.2225
16359,0.2376
16360,0.2424
16361,0.2260
16362,0.2400
16363,0.2528
16364,0.2335
16365,0.2266
16366,0.2392
16367,0.2321
16368,0.2484
16369,0.1991
16370,0.2078
16371,0.2304
16372,0.2371
16373,0.2653
16374,0.2560
16375,0.2306
16376,0.2310
16377,0.2086
16378,0.2283
16379,0.2373
16380,0.2552
16381,0.2212
16382,0.2472
16383,0.2373
16384,0.2176
16385,0.2514
16386,0.2182
16387,0.2445
16388,0.2153
16389,0.2075
16390,0.2111
16391,0.2331
16392,0.2237
16393,0.2225
16394,0.2286
16395,0.2347
16396,0.2307
16397,0.2258
16398,0.2198
16399,0.2136
16400,0.2282
16401,0.2473
16402,0.2422
16403,0.2471
16404,0.2351
16405,0.2095
16406,0.2213
16407,0.2124
16408,0.2333
16409,0.2242
16410,0.2712
16411,0.2269
16412,0.2294
16413,0.2358
16414,0.2375
16415,0.2457
16416,0.2368
16417,0.2458
16418,0.2177
16419,0.2350
16420,0.2211
16421,0.2167
16422,0.2109
16423,0.2502
16424,0.2377
16425,0.2399
16426,0.2483
16427,0.2482
16428,0.2396
16429,0.2384
16430,0.2110
16431,0.2454
16432,0.2388
16433,0.2316
16434,0.2497
16435,0.2436
16436,0.2007
16437,0.2222
16438,0.2166
16439,0.2475
16440,0.2373
16441,0.2318
16442,0.2221
16443,0.2423
16444,0.2083
16445,0.2519
16446,0.2593
16447,0.2491
16448,0.2328
16449,0.2216
16450,0.2421
16451,0.2311
16452,0.2227
16453,0.2268
16454,0.2134
16455,0.2474
16456,0.2180
16457,0.2109
16458,0.2447
16459,0.2107
16460,0.2054
16461,0.2377
16462,0.2307
16463,0.2468
16464,0.2647
16465,0.2459
16466,0.2311
16467,0.2176
16468,0.2361
16469,0.2537
16470,0.2304
16471,0.2353
16472,0.2505
16473,0.2247
16474,0.2417
16475,0.2542
16476,0.2338
16477,0.2245
16478,0.2410
16479,0.2377
16480,0.2411
16481,0.2463
16482,0.2162
16483,0.2275
16484,0.2173
16485,0.2477
16486,0.2349
16487,0.2423
16488,0.2434
16489,0.2411
16490,0.2472
16491,0.2440
16492,0.2374
16493,0.2376
16494,0.2348
16495,0.2473
16496,0.2352
16497,0.2366
16498,0.2486
16499,0.2496
16500,0.2454
16501,0.1984
16502,0.2375
16503,0.2570
16504,0.2234
16505,0.2407
16506,0.2341
16507,0.2471
16508,0.2374
16509,0.2073
16510,0.2338
16511,0.2249
16512,0.2611
16513,0.2423
16514,0.2261
16515,0.2387
16516,0.2460
16517,0.2418
16518,0.2375
16519,0.2214
16520,0.2206
16521,0.2386
16522,0.2232
16523,0.2577
16524,0.2435
16525,0.2390
16526,0.2293
16527,0.2594
16528,0.2389
16529,0.2091
16530,0.2646
16531,0.2220
16532,0.2247
16533,0.2388
16534,0.2415
16535,0.2281
16536,0.2169
16537,0.2529
16538,0.2561
16539,0.2464
16540,0.2167
16541,0.2663
16542,0.2343
16543,0.2245
16544,0.2496
16545,0.2145
16546,0.2742
16547,0.2410
16548,0.2213
16549,0.2414
16550,0.2238
16551,0.2317
16552,0.2413
16553,0.2368
16554,0.2247
16555,0.2287
16556,0.2174
16557,0.2195
16558,0.2092
16559,0.2240
16560,0.2033
16561,0.2364
16562,0.2110
16563,0.2260
16564,0.2343
16565,0.2274
16566,0.2450
16567,0.2553
16568,0.2482
16569,0.2638
16570,0.2542
16571,0.2471
16572,0.2277
16573,0.2332
16574,0.2252
16575,0.2555
16576,0.2476
16577,0.2224
16578,0.2443
16579,0.2333
16580,0.2388
16581,0.2408
16582,0.2426
16583,0.2164
16584,0.2490
16585,0.2222
16586,0.2458
16587,0.2222
16588,0.2417
16589,0.2191
16590,0.2348
16591,0.2573
16592,0.2267
16593,0.2384
16594,0.2229
16595,0.2238
16596,0.2603
16597,0.2267
16598,0.2417
16599,0.2505
16600,0.2392
16601,0.2420
16602,0.2254
16603,0.2244
16604,0.2312
16605,0.2159
16606,0.2316
16607,0.2312
16608,0.2138
16609,0.2324
16610,0.2420
16611,0.2400
16612,0.2362
16613,0.2257
16614,0.2310
16615,0.2229
16616,0.2329
16617,0.2321
16618,0.2080
16619,0.2217
16620,0.2256
16621,0.2316
16622,0.2121
16623,0.2527
16624,0.2534
16625,0.2194
16626,0.2369
16627,0.2420
16628,0.2025
16629,0.2177
16630,0.2239
16631,0.2551
16632,0.2418
16633,0.2319
16634,0.2175
16635,0.2423
16636,0.2382
16637,0.2351
16638,0.2200
16639,0.1961
16640,0.2407
16641,0.2329
16642,0.2468
16643,0.2214
16644,0.2334
16645,0.2228
16646,0.2508
16647,0.2383
16648,0.2477
16649,0.2319
16650,0.2185
16651,0.2253
16652,0.2613
16653,0.2397
16654,0.2386
16655,0.2363
16656,0.2492
16657,0.2379
16658,0.2052
16659,0.2592
16660,0.2498
16661,0.2444
16662,0.2411
16663,0.2384
16664,0.2236
16665,0.2634
16666,0.2297
16667,0.2008
16668,0.2392
16669,0.2516
16670,0.2237
16671,0.2180
16672,0.2184
16673,0.2456
16674,0.2411
16675,0.2186
16676,0.2126
16677,0.2231
16678,0.2351
16679,0.2236
16680,0.2416
16681,0.2565
16682,0.2279
16683,0.2258
16684,0.2359
16685,0.2089
16686,0.2483
16687,0.2304
16688,0.2201
16689,0.2355
16690,0.2679
16691,0.2672
16692,0.2180
16693,0.2395
16694,0.2218
16695,0.2327
16696,0.2282
16697,0.2395
16698,0.2386
16699,0.2078
16700,0.2214
16701,0.2464
16702,0.2336
16703,0.2262
16704,0.2409
16705,0.2328
16706,0.1962
16707,0.2254
16708,0.2055
16709,0.2447
16710,0.2425
16711,0.2147
16712,0.2295
16713,0.2388
16714,0.2372
16715,0.2440
16716,0.2269
16717,0.2445
16718,0.2296
16719,0.2252
16720,0.2376
16721,0.2371
16722,0.2087
16723,0.2158
16724,0.2381
16725,0.2135
16726,0.2181
16727,0.2504
16728,0.2398
16729,0.2299
16730,0.2286
16731,0.2448
16732,0.2310
16733,0.2596
16734,0.2367
16735,0.2238
16736,0.2539
16737,0.2144
16738,0.2224
16739,0.2513
16740,0.2485
16741,0.2059
16742,0.1991
16743,0.2433
16744,0.2563
16745,0.2444
16746,0.2452
16747,0.2367
16748,0.2367
16749,0.2467
16750,0.2187
16751,0.2340
16752,0.2338
16753,0.2285
16754,0.2350
16755,0.2222
16756,0.2142
16757,0.2181
16758,0.2349
16759,0.2648
16760,0.2390
16761,0.2677
16762,0.2536
16763,0.2318
16764,0.2214
16765,0.2352
16766,0.2195
16767,0.2507
16768,0.2678
16769,0.2412
16770,0.2335
16771,0.2518
16772,0.2300
16773,0.2428
16774,0.2207
16775,0.2261
16776,0.2406
16777,0.2348
16778,0.2153
16779,0.2565
16780,0.2157
16781,0.2147
16782,0.2469
16783,0.2486
16784,0.2265
16785,0.2311
16786,0.2305
16787,0.2084
16788,0.2265
16789,0.2400
16790,0.2484
16791,0.2350
16792,0.2317
16793,0.1868
16794,0.2264
16795,0.2322
16796,0.2407
16797,0.2249
16798,0.2297
16799,0.2310
16800,0.2340
16801,0.2171
16802,0.2346
16803,0.2404
16804,0.2277
16805,0.2464
16806,0.2431
16807,0.2019
16808,0.2480
16809,0.2435
16810,0.2382
16811,0.2140
16812,0.2320
16813,0.2540
16814,0.2205
16815,0.1973
16816,0.2196
16817,0.2472
16818,0.2374
16819,0.2237
16820,0.2179
16821,0.2442
16822,0.2042
16823,0.2177
16824,0.2286
16825,0.2423
16826,0.2295
16827,0.2490
16828,0.2261
16829,0.2514
16830,0.2232
16831,0.2344
16832,0.2439
16833,0.2469
16834,0.2461
16835,0.2332
16836,0.2541
16837,0.2266
16838,0.2487
16839,0.2195
16840,0.2389
16841,0.2548
16842,0.2355
16843,0.2229
16844,0.2415
16845,0.2223
16846,0.2340
16847,0.2241
16848,0.2380
16849,0.2226
16850,0.2572
16851,0.2538
16852,0.2380
16853,0.2232
16854,0.2248
16855,0.2543
16856,0.2605
16857,0.2352
16858,0.2627
16859,0.2319
16860,0.2639
16861,0.2387
16862,0.2218
16863,0.2272
16864,0.2356
16865,0.1995
16866,0.2516
16867,0.2169
16868,0.2581
16869,0.2391
16870,0.2390
16871,0.2472
16872,0.2159
16873,0.2150
16874,0.2343
16875,0.2305
16876,0.2398
16877,0.2193
16878,0.2320
16879,0.2412
16880,0.2272
16881,0.2223
16882,0.2356
16883,0.2079
16884,0.2159
16885,0.2274
16886,0.2122
16887,0.2295
16888,0.2447
16889,0.2096
16890,0.2198
16891,0.2512
16892,0.2185
16893,0.2154
16894,0.2245
16895,0.2386
16896,0.2264
16897,0.2256
16898,0.2270
16899,0.2365
16900,0.2664
16901,0.2476
16902,0.2262
16903,0.2152
16904,0.2638
16905,0.2261
16906,0.2350
16907,0.2388
16908,0.2352
16909,0.2037
16910,0.2328
16911,0.2229
16912,0.2301
16913,0.2506
16914,0.2035
16915,0.2347
16916,0.2469
16917,0.2223
16918,0.2481
16919,0.2098
16920,0.2253
16921,0.2388
16922,0.2265
16923,0.2354
16924,0.2565
16925,0.2357
16926,0.1971
16927,0.2406
16928,0.2205
16929,0.2421
16930,0.2227
16931,0.1861
16932,0.2303
16933,0.2207
16934,0.2200
16935,0.2344
16936,0.2337
16937,0.2273
16938,0.2275
16939,0.2291
16940,0.2202
16941,0.2340
16942,0.2254
16943,0.2350
16944,0.2402
16945,0.2553
16946,0.2518
16947,0.2218
16948,0.2051
16949,0.2201
16950,0.2103
16951,0.2387
16952,0.2378
16953,0.2196
16954,0.2287
16955,0.2218
16956,0.2406
16957,0.2328
16958,0.2487
16959,0.2116
16960,0.2220
16961,0.2170
16962,0.2220
16963,0.2397
16964,0.2411
16965,0.2419
16966,0.2515
16967,0.2126
16968,0.2304
16969,0.2078
16970,0.2551
16971,0.2428
16972,0.2206
16973,0.2271
16974,0.1864
16975,0.2045
16976,0.2415
16977,0.2381
16978,0.2627
16979,0.2253
16980,0.2066
16981,0.2247
16982,0.2239
16983,0.2351
16984,0.2486
16985,0.2245
16986,0.2293
16987,0.2196
16988,0.2675
16989,0.2500
16990,0.2228
16991,0.2246
16992,0.2247
16993,0.2505
16994,0.2326
16995,0.2348
16996,0.2179
16997,0.2250
16998,0.2425
16999,0.2432
17000,0.2296
17001,0.2203
17002,0.2489
17003,0.2300
17004,0.2108
17005,0.2423
17006,0.2223
17007,0.2369
17008,0.2428
17009,0.2264
17010,0.2356
17011,0.2319
17012,0.2259
17013,0.1989
17014,0.2574
17015,0.2304
17016,0.2144
17017,0.2075
17018,0.2348
17019,0.2401
17020,0.2196
17021,0.2298
17022,0.2548
17023,0.2558
17024,0.2289
17025,0.2506
17026,0.2477
17027,0.2087
17028,0.2281
17029,0.1956
17030,0.2273
17031,0.1962
17032,0.2323
17033,0.2569
17034,0.2282
17035,0.2806
17036,0.2405
17037,0.2172
17038,0.2111
17039,0.2545
17040,0.2435
17041,0.2313
17042,0.2079
17043,0.2300
17044,0.2445
17045,0.2398
17046,0.2315
17047,0.2322
17048,0.2340
17049,0.2228
17050,0.2224
17051,0.2275
17052,0.2185
17053,0.2503
17054,0.2242
17055,0.2327
17056,0.2388
17057,0.2112
17058,0.2136
17059,0.2250
17060,0.2306
17061,0.2280
17062,0.2140
17063,0.2405
17064,0.2510
17065,0.2619
17066,0.2166
17067,0.2207
17068,0.2455
17069,0.2351
17070,0.2563
17071,0.2138
17072,0.2388
17073,0.2314
17074,0.2345
17075,0.2078
17076,0.2024
17077,0.2291
17078,0.2237
17079,0.2135
17080,0.2196
17081,0.2489
17082,0.2319
17083,0.2194
17084,0.2340
17085,0.2418
17086,0.2328
17087,0.2224
17088,0.2364
17089,0.2302
17090,0.2266
17091,0.2166
17092,0.2343
17093,0.2436
17094,0.2456
17095,0.2396
17096,0.2288
17097,0.2365
17098,0.2354
17099,0.2320
17100,0.2073
17101,0.2307
17102,0.2249
17103,0.2324
17104,0.2383
17105,0.2279
17106,0.2502
17107,0.2174
17108,0.2125
17109,0.2124
17110,0.2381
17111,0.2254
17112,0.2404
17113,0.2367
17114,0.2292
17115,0.2691
17116,0.2259
17117,0.2151
17118,0.2371
17119,0.2055
17120,0.2189
17121,0.2284
17122,0.2267
17123,0.2081
17124,0.2160
17125,0.2276
17126,0.2015
17127,0.2370
17128,0.2446
17129,0.2517
17130,0.2551
17131,0.2466
17132,0.2503
17133,0.2108
17134,0.2490
17135,0.2478
17136,0.2436
17137,0.2180
17138,0.2098
17139,0.2326
17140,0.2240
17141,0.2127
17142,0.2249
17143,0.2427
17144,0.2070
17145,0.2146
17146,0.2371
17147,0.2201
17148,0.2176
17149,0.2345
17150,0.1984
17151,0.2225
17152,0.2374
17153,0.2258
17154,0.2542
17155,0.2536
17156,0.2368
17157,0.2475
17158,0.2512
17159,0.2144
17160,0.2342
17161,0.2156
17162,0.2342
17163,0.2216
17164,0.2140
17165,0.2269
17166,0.2039
17167,0.2486
17168,0.2270
17169,0.2219
17170,0.2399
17171,0.2470
17172,0.2395
17173,0.2244
17174,0.2399
17175,0.2230
17176,0.2375
17177,0.2578
17178,0.2249
17179,0.2138
17180,0.2401
17181,0.2291
17182,0.2453
17183,0.2398
17184,0.2134
17185,0.2440
17186,0.2248
17187,0.2365
17188,0.2166
17189,0.2572
17190,0.2363
17191,0.2354
17192,0.2173
17193,0.2038
17194,0.2108
17195,0.2424
17196,0.2210
17197,0.2195
17198,0.2342
17199,0.2459
17200,0.2349
17201,0.2283
17202,0.2110
17203,0.2204
17204,0.2089
17205,0.2447
17206,0.2148
17207,0.2212
17208,0.2044
17209,0.2241
17210,0.2583
17211,0.2394
17212,0.2395
17213,0.2203
17214,0.2253
17215,0.2209
17216,0.2249
17217,0.2334
17218,0.2159
17219,0.2445
17220,0.2256
17221,0.2278
17222,0.2216
17223,0.2236
17224,0.2238
17225,0.1959
17226,0.2243
17227,0.2375
17228,0.2747
17229,0.2312
17230,0.2086
17231,0.2276
17232,0.2293
17233,0.2323
17234,0.2161
17235,0.2025
17236,0.2225
17237,0.2464
17238,0.2251
17239,0.2407
17240,0.2191
17241,0.1986
17242,0.2141
17243,0.2370
17244,0.2478
17245,0.2490
17246,0.2191
17247,0.2182
17248,0.2094
17249,0.2536
17250,0.2157
17251,0.2362
17252,0.2398
17253,0.2100
17254,0.2432
17255,0.2385
17256,0.2238
17257,0.2549
17258,0.2024
17259,0.2159
17260,0.2178
17261,0.2042
17262,0.2262
17263,0.2170
17264,0.2278
17265,0.2066
17266,0.2337
17267,0.2140
17268,0.2428
17269,0.2200
17270,0.2511
17271,0.2357
17272,0.1995
17273,0.2230
17274,0.2215
17275,0.2302
17276,0.2117
17277,0.2150
17278,0.2228
17279,0.2319
17280,0.2361
17281,0.2635
17282,0.2076
17283,0.2252
17284,0.2209
17285,0.2288
17286,0.1992
17287,0.2220
17288,0.2261
17289,0.2197
17290,0.2247
17291,0.2032
17292,0.2212
17293,0.2162
17294,0.2295
17295,0.2318
17296,0.2384
17297,0.2378
17298,0.2472
17299,0.2220
17300,0.2330
17301,0.2227
17302,0.2244
17303,0.2084
17304,0.2200
17305,0.2170
17306,0.2363
17307,0.2289
17308,0.2257
17309,0.2391
17310,0.2262
17311,0.2517
17312,0.2425
17313,0.2197
17314,0.2214
17315,0.2267
17316,0.2468
17317,0.2267
17318,0.2434
17319,0.2241
17320,0.2544
17321,0.2197
17322,0.2065
17323,0.2321
17324,0.2263
17325,0.2300
17326,0.2485
17327,0.2200
17328,0.2438
17329,0.2377
17330,0.2408
17331,0.2487
17332,0.2411
17333,0.2219
17334,0.2391
17335,0.1966
17336,0.2039
17337,0.2393
17338,0.2185
17339,0.2143
17340,0.2233
17341,0.2465
17342,0.2238
17343,0.2313
17344,0.2314
17345,0.2511
17346,0.2273
17347,0.2309
17348,0.2277
17349,0.2029
17350,0.2319
17351,0.2113
17352,0.2425
17353,0.2120
17354,0.2403
17355,0.2141
17356,0.2397
17357,0.2604
17358,0.2230
17359,0.2219
17360,0.2142
17361,0.2418
17362,0.2322
17363,0.2239
17364,0.2190
17365,0.2558
17366,0.2186
17367,0.2624
17368,0.2261
17369,0.2282
17370,0.2205
17371,0.2203
17372,0.2524
17373,0.2303
17374,0.2178
17375,0.2096
17376,0.2185
17377,0.2282
17378,0.2147
17379,0.2300
17380,0.2224
17381,0.2105
17382,0.2356
17383,0.2255
17384,0.2354
17385,0.2239
17386,0.2113
17387,0.2230
17388,0.2429
17389,0.2141
17390,0.2465
17391,0.2103
17392,0.2365
17393,0.2116
17394,0.2152
17395,0.2393
17396,0.2222
17397,0.2643
17398,0.2133
17399,0.2335
17400,0.2297
17401,0.2144
17402,0.2177
17403,0.2424
17404,0.2206
17405,0.2208
17406,0.2132
17407,0.2060
17408,0.2070
17409,0.2372
17410,0.2074
17411,0.2241
17412,0.2160
17413,0.2293
17414,0.2172
17415,0.2328
17416,0.2178
17417,0.2053
17418,0.2320
17419,0.2267
17420,0.2147
17421,0.2245
17422,0.2125
17423,0.2247
17424,0.2352
17425,0.2396
17426,0.2138
17427,0.2259
17428,0.2054
17429,0.2382
17430,0.2223
17431,0.2193
17432,0.1995
17433,0.2131
17434,0.2407
17435,0.2293
17436,0.2138
17437,0.2294
17438,0.2257
17439,0.2344
17440,0.2345
17441,0.2283
17442,0.2240
17443,0.2285
17444,0.2247
17445,0.2292
17446,0.2279
17447,0.2279
17448,0.2374
17449,0.2330
17450,0.2276
17451,0.2125
17452,0.2366
17453,0.2319
17454,0.2346
17455,0.2311
17456,0.2162
17457,0.2392
17458,0.2088
17459,0.2265
17460,0.2034
17461,0.2314
17462,0.2264
17463,0.2031
17464,0.2043
17465,0.2038
17466,0.2373
17467,0.2341
17468,0.2059
17469,0.2286
17470,0.2016
17471,0.2396
17472,0.2306
17473,0.2386
17474,0.2449
17475,0.2073
17476,0.2026
17477,0.2150
17478,0.2370
17479,0.2317
17480,0.2494
17481,0.2321
17482,0.2089
17483,0.2337
17484,0.2362
17485,0.2310
17486,0.2436
17487,0.2158
17488,0.2075
17489,0.2210
17490,0.2335
17491,0.2428
17492,0.2322
17493,0.2242
17494,0.2438
17495,0.2133
17496,0.2391
17497,0.2110
17498,0.2483
17499,0.2235
17500,0.1991
17501,0.2132
17502,0.2221
17503,0.2349
17504,0.2193
17505,0.2377
17506,0.2213
17507,0.2169
17508,0.2257
17509,0.2377
17510,0.2236
17511,0.2172
17512,0.2320
17513,0.2381
17514,0.2267
17515,0.2213
17516,0.2167
17517,0.2153
17518,0.2475
17519,0.2243
17520,0.2413
17521,0.2520
17522,0.2213
17523,0.2387
17524,0.2197
17525,0.2440
17526,0.2599
17527,0.2155
17528,0.2135
17529,0.2276
17530,0.2179
17531,0.2203
17532,0.2119
17533,0.2371
17534,0.2402
17535,0.2073
17536,0.2427
17537,0.1971
17538,0.2164
17539,0.2042
17540,0.2246
17541,0.2132
17542,0.2289
17543,0.2452
17544,0.2408
17545,0.2058
17546,0.2145
17547,0.2407
17548,0.2359
17549,0.2138
17550,0.2162
17551,0.2019
17552,0.2390
17553,0.2224
17554,0.2358
17555,0.2511
17556,0.2352
17557,0.2306
17558,0.2175
17559,0.2203
17560,0.2106
17561,0.1982
17562,0.2438
17563,0.2135
17564,0.2146
17565,0.2019
17566,0.2176
17567,0.2315
17568,0.2317
17569,0.2200
17570,0.2188
17571,0.2348
17572,0.2235
17573,0.2558
17574,0.2259
17575,0.2183
17576,0.2237
17577,0.2247
17578,0.2100
17579,0.2344
17580,0.2182
17581,0.2186
17582,0.2189
17583,0.2306
17584,0.2330
17585,0.2102
17586,0.2191
17587,0.2337
17588,0.2078
17589,0.2457
17590,0.2122
17591,0.2058
17592,0.2518
17593,0.2620
17594,0.2378
17595,0.2506
17596,0.2207
17597,0.2180
17598,0.2180
17599,0.2556
17600,0.2237
17601,0.2332
17602,0.2097
17603,0.2131
17604,0.2207
17605,0.2198
17606,0.2218
17607,0.2244
17608,0.2155
17609,0.2209
17610,0.2354
17611,0.2309
17612,0.2457
17613,0.2165
17614,0.2211
17615,0.2222
17616,0.2165
17617,0.2289
17618,0.2344
17619,0.2235
17620,0.2218
17621,0.1995
17622,0.2127
17623,0.2161
17624,0.2061
17625,0.2107
17626,0.2396
17627,0.2298
17628,0.2181
17629,0.2302
17630,0.2337
17631,0.2458
17632,0.2223
17633,0.1941
17634,0.2426
17635,0.2305
17636,0.2421
17637,0.2076
17638,0.2282
17639,0.2212
17640,0.2132
17641,0.2238
17642,0.2205
17643,0.2221
17644,0.2123
17645,0.2224
17646,0.2267
17647,0.2303
17648,0.2262
17649,0.2339
17650,0.2312
17651,0.2206
17652,0.2182
17653,0.2336
17654,0.2208
17655,0.2375
17656,0.2047
17657,0.2224
17658,0.2258
17659,0.2167
17660,0.2286
17661,0.2527
17662,0.2165
17663,0.1994
17664,0.2186
17665,0.2453
17666,0.2138
17667,0.2116
17668,0.2478
17669,0.2167
17670,0.2239
17671,0.2363
17672,0.2099
17673,0.2131
17674,0.2240
17675,0.2254
17676,0.2177
17677,0.1994
17678,0.2130
17679,0.2300
17680,0.2087
17681,0.2232
17682,0.2031
17683,0.2107
17684,0.2067
17685,0.2044
17686,0.2300
17687,0.2176
17688,0.2175
17689,0.2437
17690,0.2406
17691,0.2143
17692,0.2240
17693,0.2309
17694,0.2025
17695,0.2377
17696,0.2646
17697,0.2321
17698,0.2098
17699,0.2346
17700,0.2104
17701,0.2246
17702,0.2370
17703,0.1991
17704,0.2385
17705,0.2305
17706,0.2246
17707,0.2264
17708,0.2184
17709,0.2253
17710,0.2121
17711,0.2408
17712,0.2104
17713,0.2425
17714,0.1991
17715,0.2299
17716,0.2283
17717,0.2256
17718,0.2436
17719,0.2348
17720,0.2178
17721,0.2216
17722,0.2182
17723,0.2135
17724,0.2462
17725,0.2118
17726,0.2172
17727,0.2232
17728,0.2030
17729,0.2204
17730,0.2270
17731,0.2243
17732,0.2411
17733,0.2105
17734,0.2190
17735,0.2265
17736,0.2167
17737,0.2138
17738,0.2287
17739,0.2386
17740,0.2362
17741,0.2310
17742,0.2239
17743,0.2116
17744,0.2387
17745,0.2314
17746,0.2239
17747,0.2167
17748,0.2413
17749,0.2095
17750,0.2446
17751,0.2219
17752,0.2310
17753,0.2236
17754,0.2212
17755,0.2095
17756,0.2170
17757,0.2274
17758,0.2177
17759,0.2059
17760,0.2342
17761,0.2272
17762,0.2304
17763,0.2167
17764,0.2506
17765,0.2271
17766,0.2207
17767,0.2138
17768,0.2216
17769,0.2239
17770,0.2330
17771,0.2388
17772,0.2185
17773,0.2352
17774,0.2425
17775,0.2123
17776,0.1949
17777,0.2177
17778,0.2139
17779,0.2542
17780,0.2340
17781,0.2317
17782,0.2143
17783,0.2218
17784,0.2371
17785,0.2512
17786,0.2431
17787,0.2243
17788,0.2309
17789,0.2240
17790,0.2268
17791,0.2404
17792,0.2065
17793,0.2191
17794,0.2453
17795,0.2385
17796,0.2188
17797,0.2273
17798,0.2184
17799,0.2199
17800,0.2214
17801,0.2490
17802,0.2160
17803,0.2234
17804,0.2069
17805,0.2211
17806,0.2276
17807,0.2080
17808,0.1967
17809,0.2330
17810,0.2191
17811,0.2040
17812,0.2249
17813,0.1959
17814,0.2215
17815,0.2220
17816,0.2126
17817,0.2328
17818,0.2204
17819,0.2246
17820,0.2153
17821,0.2440
17822,0.2345
17823,0.2094
17824,0.2172
17825,0.2232
17826,0.2230
17827,0.2291
17828,0.2347
17829,0.2317
17830,0.2353
17831,0.2322
17832,0.1921
17833,0.2366
17834,0.2082
17835,0.2320
17836,0.2129
17837,0.2320
17838,0.2384
17839,0.2320
17840,0.2482
17841,0.2378
17842,0.2030
17843,0.2258
17844,0.2203
17845,0.2176
17846,0.2363
17847,0.2017
17848,0.2257
17849,0.2277
17850,0.2122
17851,0.1982
17852,0.2365
17853,0.2289
17854,0.2295
17855,0.2207
17856,0.2347
17857,0.2456
17858,0.2361
17859,0.2176
17860,0.2097
17861,0.2013
17862,0.2343
17863,0.2186
17864,0.2226
17865,0.2227
17866,0.2258
17867,0.2347
17868,0.2147
17869,0.2477
17870,0.2020
17871,0.2233
17872,0.2014
17873,0.2061
17874,0.2046
17875,0.2237
17876,0.1969
17877,0.2080
17878,0.1891
17879,0.2294
17880,0.2147
17881,0.2300
17882,0.2328
17883,0.2254
17884,0.2316
17885,0.2000
17886,0.2378
17887,0.2097
17888,0.2340
17889,0.2348
17890,0.2338
17891,0.2161
17892,0.2297
17893,0.2434
17894,0.2181
17895,0.2236
17896,0.2212
17897,0.2300
17898,0.2281
17899,0.2155
17900,0.2075
17901,0.2459
17902,0.2122
17903,0.2454
17904,0.2234
17905,0.2044
17906,0.2204
17907,0.2203
17908,0.2336
17909,0.2222
17910,0.2326
17911,0.2191
17912,0.2195
17913,0.2231
17914,0.2304
17915,0.2431
17916,0.2132
17917,0.2345
17918,0.2194
17919,0.2521
17920,0.2513
17921,0.2053
17922,0.2355
17923,0.2059
17924,0.2215
17925,0.2022
17926,0.2019
17927,0.2098
17928,0.2339
17929,0.2077
17930,0.2227
17931,0.2079
17932,0.2180
17933,0.2556
17934,0.2252
17935,0.2160
17936,0.2161
17937,0.2318
17938,0.2188
17939,0.1997
17940,0.2095
17941,0.2114
17942,0.2109
17943,0.2205
17944,0.2117
17945,0.2067
17946,0.2326
17947,0.2351
17948,0.2243
17949,0.2043
17950,0.2118
17951,0.2066
17952,0.2082
17953,0.2206
17954,0.1999
17955,0.2330
17956,0.2094
17957,0.2320
17958,0.2462
17959,0.2251
17960,0.2514
17961,0.2211
17962,0.2414
17963,0.2321
17964,0.2241
17965,0.2232
17966,0.2063
17967,0.2164
17968,0.2054
17969,0.2228
17970,0.2042
17971,0.2190
17972,0.2237
17973,0.2301
17974,0.2310
17975,0.2389
17976,0.2353
17977,0.2504
17978,0.2174
17979,0.2109
17980,0.2126
17981,0.1970
17982,0.2265
17983,0.2140
17984,0.2179
17985,0.2232
17986,0.2259
17987,0.2126
17988,0.2284
17989,0.1986
17990,0.2399
17991,0.2048
17992,0.2253
17993,0.2552
17994,0.2319
17995,0.2357
17996,0.2211
17997,0.2375
17998,0.2335
17999,0.2594
18000,0.2080
18001,0.2178
18002,0.2260
18003,0.2086
18004,0.2295
18005,0.2136
18006,0.2171
18007,0.2253
18008,0.2068
18009,0.2140
18010,0.2119
18011,0.2211
18012,0.2415
18013,0.2329
18014,0.2277
18015,0.2247
18016,0.2187
18017,0.2061
18018,0.2076
18019,0.2338
18020,0.2317
18021,0.2010
18022,0.2087
18023,0.2003
18024,0.2201
18025,0.2199
18026,0.2218
18027,0.2148
18028,0.2123
18029,0.1937
18030,0.1956
18031,0.1976
18032,0.2396
18033,0.2313
18034,0.2245
18035,0.2135
18036,0.2019
18037,0.2179
18038,0.2348
18039,0.2410
18040,0.2406
18041,0.2041
18042,0.2242
18043,0.2185
18044,0.2164
18045,0.2242
18046,0.2006
18047,0.2277
18048,0.2226
18049,0.2191
18050,0.2196
18051,0.1994
18052,0.2160
18053,0.2307
18054,0.2010
18055,0.2159
18056,0.2244
18057,0.2293
18058,0.2381
18059,0.2222
18060,0.2369
18061,0.2304
18062,0.2171
18063,0.1986
18064,0.2306
18065,0.2171
18066,0.2325
18067,0.2223
18068,0.2257
18069,0.2121
18070,0.2285
18071,0.2165
18072,0.2261
18073,0.2494
18074,0.2245
18075,0.1993
18076,0.2031
18077,0.1969
18078,0.2041
18079,0.2257
18080,0.2292
18081,0.2206
18082,0.2247
18083,0.2209
18084,0.2302
18085,0.2217
18086,0.2209
18087,0.2214
18088,0.2401
18089,0.2149
18090,0.2281
18091,0.1888
18092,0.1978
18093,0.2117
18094,0.2334
18095,0.2365
18096,0.2420
18097,0.2314
18098,0.2139
18099,0.2475
18100,0.2182
18101,0.2165
18102,0.2163
18103,0.2406
18104,0.2232
18105,0.2180
18106,0.2239
18107,0.2323
18108,0.1997
18109,0.2293
18110,0.2291
18111,0.2175
18112,0.2300
18113,0.2170
18114,0.2147
18115,0.2350
18116,0.2279
18117,0.2210
18118,0.2037
18119,0.2269
18120,0.2477
18121,0.2237
18122,0.2188
18123,0.2214
18124,0.2140
18125,0.2658
18126,0.1962
18127,0.2089
18128,0.2052
18129,0.2393
18130,0.2232
18131,0.2299
18132,0.2162
18133,0.2275
18134,0.2077
18135,0.2196
18136,0.2010
18137,0.2409
18138,0.2142
18139,0.2122
18140,0.2153
18141,0.2113
18142,0.2111
18143,0.2060
18144,0.2106
18145,0.2192
18146,0.2114
18147,0.1953
18148,0.2354
18149,0.2285
18150,0.2181
18151,0.2336
18152,0.2208
18153,0.2006
18154,0.2051
18155,0.2192
18156,0.2078
18157,0.2260
18158,0.2580
18159,0.2303
18160,0.2079
18161,0.2320
18162,0.2142
18163,0.2118
18164,0.2096
18165,0.2014
18166,0.2161
18167,0.2125
18168,0.2217
18169,0.2123
18170,0.2274
18171,0.2011
18172,0.2074
18173,0.2254
18174,0.2228
18175,0.2289
18176,0.2132
18177,0.2176
18178,0.1947
18179,0.2237
18180,0.1989
18181,0.2249
18182,0.2132
18183,0.2217
18184,0.2061
18185,0.1988
18186,0.2460
18187,0.2137
18188,0.2347
18189,0.2451
18190,0.2041
18191,0.2152
18192,0.2225
18193,0.2369
18194,0.1982
18195,0.2038
18196,0.2016
18197,0.1999
18198,0.2353
18199,0.2345
18200,0.2320
18201,0.2225
18202,0.2091
18203,0.2012
18204,0.2269
18205,0.2080
18206,0.2328
18207,0.2167
18208,0.2304
18209,0.2271
18210,0.2078
18211,0.2449
18212,0.2036
18213,0.2430
18214,0.2296
18215,0.2432
18216,0.2353
18217,0.2173
18218,0.2323
18219,0.2246
18220,0.1952
18221,0.2181
18222,0.2164
18223,0.2139
18224,0.2137
18225,0.2146
18226,0.2064
18227,0.2288
18228,0.2077
18229,0.2185
18230,0.2089
18231,0.2217
18232,0.2130
18233,0.2094
18234,0.2086
18235,0.2114
18236,0.2439
18237,0.2187
18238,0.2432
18239,0.2188
18240,0.2131
18241,0.2280
18242,0.2212
18243,0.2218
18244,0.1993
18245,0.2243
18246,0.2138
18247,0.2067
18248,0.2247
18249,0.2309
18250,0.2179
18251,0.2039
18252,0.2177
18253,0.2040
18254,0.2410
18255,0.2130
18256,0.2198
18257,0.2214
18258,0.2546
18259,0.2083
18260,0.2249
18261,0.1905
18262,0.2089
18263,0.2325
18264,0.2187
18265,0.2095
18266,0.2315
18267,0.1968
18268,0.2098
18269,0.2245
18270,0.2312
18271,0.2049
18272,0.1996
18273,0.2380
18274,0.2083
18275,0.2026
18276,0.2399
18277,0.2282
18278,0.1907
18279,0.2006
18280,0.2054
18281,0.2284
18282,0.2042
18283,0.2324
18284,0.2082
18285,0.2132
18286,0.2098
18287,0.2209
18288,0.2192
18289,0.2220
18290,0.2258
18291,0.2239
18292,0.2295
18293,0.2213
18294,0.1873
18295,0.2140
18296,0.2266
18297,0.2253
18298,0.2287
18299,0.2145
18300,0.2324
18301,0.2083
18302,0.2180
18303,0.2065
18304,0.2114
18305,0.2448
18306,0.2273
18307,0.2218
18308,0.2297
18309,0.2207
18310,0.2068
18311,0.2196
18312,0.2278
18313,0.2203
18314,0.2135
18315,0.2078
18316,0.2107
18317,0.2184
18318,0.2137
18319,0.2449
18320,0.2098
18321,0.2211
18322,0.2245
18323,0.2181
18324,0.2139
18325,0.2216
18326,0.2234
18327,0.2064
18328,0.2244
18329,0.2086
18330,0.2155
18331,0.2075
18332,0.2303
18333,0.2258
18334,0.2287
18335,0.2349
18336,0.2307
18337,0.2265
18338,0.2216
18339,0.2094
18340,0.2154
18341,0.2257
18342,0.1977
18343,0.2256
18344,0.2151
18345,0.2338
18346,0.2128
18347,0.2436
18348,0.2084
18349,0.2233
18350,0.2064
18351,0.2000
18352,0.2049
18353,0.2110
18354,0.2358
18355,0.2430
18356,0.2222
18357,0.2166
18358,0.2041
18359,0.2207
18360,0.2293
18361,0.2204
18362,0.2446
18363,0.2154
18364,0.2229
18365,0.2029
18366,0.2147
18367,0.2116
18368,0.2216
18369,0.2244
18370,0.2004
18371,0.2110
18372,0.2118
18373,0.2170
18374,0.2092
18375,0.1987
18376,0.1992
18377,0.2101
18378,0.2283
18379,0.2278
18380,0.2419
18381,0.2120
18382,0.2214
18383,0.2111
18384,0.2315
18385,0.2146
18386,0.2052
18387,0.2165
18388,0.2120
18389,0.1989
18390,0.2251
18391,0.2118
18392,0.2283
18393,0.1886
18394,0.2000
18395,0.2245
18396,0.2208
18397,0.2164
18398,0.2263
18399,0.2275
18400,0.2492
18401,0.2372
18402,0.2238
18403,0.2279
18404,0.2017
18405,0.2216
18406,0.2198
18407,0.2245
18408,0.2346
18409,0.2295
18410,0.2083
18411,0.2431
18412,0.2381
18413,0.2040
18414,0.2303
18415,0.2130
18416,0.2231
18417,0.2210
18418,0.2047
18419,0.2215
18420,0.2088
18421,0.2320
18422,0.2368
18423,0.2263
18424,0.2369
18425,0.2238
18426,0.2185
18427,0.2277
18428,0.2362
18429,0.1934
18430,0.2144
18431,0.2185
18432,0.1971
18433,0.2170
18434,0.2146
18435,0.2185
18436,0.2101
18437,0.2285
18438,0.1871
18439,0.2326
18440,0.1919
18441,0.2270
18442,0.2169
18443,0.2352
18444,0.2129
18445,0.2086
18446,0.2005
18447,0.2302
18448,0.2058
18449,0.2251
18450,0.2481
18451,0.2141
18452,0.2194
18453,0.2217
18454,0.2057
18455,0.2184
18456,0.2142
18457,0.2148
18458,0.2132
18459,0.2148
18460,0.2527
18461,0.2009
18462,0.2078
18463,0.2312
18464,0.2140
18465,0.2179
18466,0.2095
18467,0.2053
18468,0.2397
18469,0.2361
18470,0.2111
18471,0.2246
18472,0.2099
18473,0.2119
18474,0.1938
18475,0.1958
18476,0.2121
18477,0.2368
18478,0.2356
18479,0.2268
18480,0.2219
18481,0.2343
18482,0.2322
18483,0.2240
18484,0.2071
18485,0.2137
18486,0.2117
18487,0.1951
18488,0.2053
18489,0.2319
18490,0.2148
18491,0.2112
18492,0.2086
18493,0.2063
18494,0.2304
18495,0.2215
18496,0.1979
18497,0.1973
18498,0.2258
18499,0.2145
18500,0.1908
18501,0.2204
18502,0.2234
18503,0.2244
18504,0.2176
18505,0.2166
18506,0.2138
18507,0.2088
18508,0.2054
18509,0.1911
18510,0.2180
18511,0.2239
18512,0.2216
18513,0.2125
18514,0.2181
18515,0.2382
18516,0.2095
18517,0.2098
18518,0.1883
18519,0.1948
18520,0.2120
18521,0.2186
18522,0.2029
18523,0.2107
18524,0.2220
18525,0.2114
18526,0.2086
18527,0.1906
18528,0.2110
18529,0.2112
18530,0.2098
18531,0.2169
18532,0.2149
18533,0.2274
18534,0.2206
18535,0.2171
18536,0.2289
18537,0.2062
18538,0.2025
18539,0.2396
18540,0.2354
18541,0.2272
18542,0.2093
18543,0.2051
18544,0.2305
18545,0.1935
18546,0.1862
18547,0.2376
18548,0.2150
18549,0.2170
18550,0.2083
18551,0.2163
18552,0.2192
18553,0.2000
18554,0.2145
18555,0.2244
18556,0.2219
18557,0.2115
18558,0.2203
18559,0.2113
18560,0.1977
18561,0.2053
18562,0.2007
18563,0.2052
18564,0.2230
18565,0.2118
18566,0.2389
18567,0.2181
18568,0.2281
18569,0.2031
18570,0.2419
18571,0.1848
18572,0.2112
18573,0.2188
18574,0.2073
18575,0.2080
18576,0.2210
18577,0.2020
18578,0.2033
18579,0.2323
18580,0.2228
18581,0.2123
18582,0.2294
18583,0.2156
18584,0.1883
18585,0.2295
18586,0.2083
18587,0.2032
18588,0.2258
18589,0.2284
18590,0.2404
18591,0.2305
18592,0.2082
18593,0.2401
18594,0.2216
18595,0.2365
18596,0.2113
18597,0.2083
18598,0.2054
18599,0.2349
18600,0.2200
18601,0.2225
18602,0.2215
18603,0.1982
18604,0.2161
18605,0.2300
18606,0.1959
18607,0.2125
18608,0.2074
18609,0.2282
18610,0.2014
18611,0.2236
18612,0.1954
18613,0.2362
18614,0.2340
18615,0.2065
18616,0.2001
18617,0.2192
18618,0.2190
18619,0.2384
18620,0.2039
18621,0.2133
18622,0.2051
18623,0.2095
18624,0.2201
18625,0.2263
18626,0.2036
18627,0.2142
18628,0.1998
18629,0.2221
18630,0.2221
18631,0.2350
18632,0.2117
18633,0.2227
18634,0.2350
18635,0.1915
18636,0.2219
18637,0.1868
18638,0.2112
18639,0.2239
18640,0.2121
18641,0.2378
18642,0.2297
18643,0.2263
18644,0.1984
18645,0.2001
18646,0.2065
18647,0.2168
18648,0.2124
18649,0.2305
18650,0.2296
18651,0.2071
18652,0.1998
18653,0.2209
18654,0.2001
18655,0.2186
18656,0.2022
18657,0.1898
18658,0.2284
18659,0.2229
18660,0.2236
18661,0.2141
18662,0.1968
18663,0.2175
18664,0.1988
18665,0.2230
18666,0.2092
18667,0.2238
18668,0.2197
18669,0.2478
18670,0.2159
18671,0.2130
18672,0.2166
18673,0.2267
18674,0.2337
18675,0.2123
18676,0.1961
18677,0.2342
18678,0.2221
18679,0.2257
18680,0.2181
18681,0.1986
18682,0.2157
18683,0.2165
18684,0.2439
18685,0.2229
18686,0.2328
18687,0.2188
18688,0.1918
18689,0.2067
18690,0.2111
18691,0.2395
18692,0.2074
18693,0.2342
18694,0.1971
18695,0.2261
18696,0.2145
18697,0.2204
18698,0.2326
18699,0.2253
18700,0.1908
18701,0.2160
18702,0.2149
18703,0.2264
18704,0.2143
18705,0.2068
18706,0.2272
18707,0.2083
18708,0.2247
18709,0.2180
18710,0.2460
18711,0.2271
18712,0.2105
18713,0.2251
18714,0.2192
18715,0.2117
18716,0.2339
18717,0.2207
18718,0.2033
18719,0.2190
18720,0.2383
18721,0.2408
18722,0.2184
18723,0.2049
18724,0.2401
18725,0.2283
18726,0.2085
18727,0.1985
18728,0.2079
18729,0.2302
18730,0.2325
18731,0.2215
18732,0.2215
18733,0.2171
18734,0.2069
18735,0.2192
18736,0.2069
18737,0.2084
18738,0.2160
18739,0.2113
18740,0.2154
18741,0.2039
18742,0.2175
18743,0.2149
18744,0.2243
18745,0.1910
18746,0.2139
18747,0.2146
18748,0.2227
18749,0.2106
18750,0.2127
18751,0.2050
18752,0.2209
18753,0.2317
18754,0.2139
18755,0.1947
18756,0.2386
18757,0.2231
18758,0.2050
18759,0.2302
18760,0.2240
18761,0.2047
18762,0.2329
18763,0.2170
18764,0.2146
18765,0.2119
18766,0.2027
18767,0.2177
18768,0.2045
18769,0.1983
18770,0.1991
18771,0.2346
18772,0.2076
18773,0.2103
18774,0.2152
18775,0.2093
18776,0.2080
18777,0.2102
18778,0.2104
18779,0.2012
18780,0.2067
18781,0.1846
18782,0.2216
18783,0.2195
18784,0.2124
18785,0.2008
18786,0.1968
18787,0.1947
18788,0.2280
18789,0.2024
18790,0.2132
18791,0.2197
18792,0.2122
18793,0.2056
18794,0.2065
18795,0.2113
18796,0.2254
18797,0.1865
18798,0.1832
18799,0.2173
18800,0.1954
18801,0.2234
18802,0.2375
18803,0.2172
18804,0.2103
18805,0.2085
18806,0.2065
18807,0.2150
18808,0.1982
18809,0.2024
18810,0.2135
18811,0.1961
18812,0.2000
18813,0.2136
18814,0.2072
18815,0.1924
18816,0.2138
18817,0.1988
18818,0.2155
18819,0.2175
18820,0.2225
18821,0.2215
18822,0.2107
18823,0.2191
18824,0.2246
18825,0.2125
18826,0.2090
18827,0.1971
18828,0.2063
18829,0.2247
18830,0.2153
18831,0.2230
18832,0.2089
18833,0.2028
18834,0.2228
18835,0.2074
18836,0.2214
18837,0.2148
18838,0.2245
18839,0.2238
18840,0.2126
18841,0.2096
18842,0.2207
18843,0.2074
18844,0.2272
18845,0.2279
18846,0.2132
18847,0.2072
18848,0.1909
18849,0.1978
18850,0.2357
18851,0.2229
18852,0.2175
18853,0.2120
18854,0.2058
18855,0.2265
18856,0.2211
18857,0.2370
18858,0.2096
18859,0.2222
18860,0.2041
18861,0.2066
18862,0.1936
18863,0.2152
18864,0.2343
18865,0.2237
18866,0.2097
18867,0.2031
18868,0.2154
18869,0.1866
18870,0.2294
18871,0.2113
18872,0.2203
18873,0.2265
18874,0.2140
18875,0.2126
18876,0.2077
18877,0.1910
18878,0.2044
18879,0.2275
18880,0.2256
18881,0.1982
18882,0.2288
18883,0.2211
18884,0.2199
18885,0.2070
18886,0.2178
18887,0.2113
18888,0.2014
18889,0.2143
18890,0.2031
18891,0.1900
18892,0.2255
18893,0.2366
18894,0.2123
18895,0.2257
18896,0.2226
18897,0.2144
18898,0.2203
18899,0.2085
18900,0.2078
18901,0.2272
18902,0.2097
18903,0.2439
18904,0.2158
18905,0.2163
18906,0.2139
18907,0.1953
18908,0.1940
18909,0.1946
18910,0.2327
18911,0.1861
18912,0.2377
18913,0.2517
18914,0.2030
18915,0.2149
18916,0.2160
18917,0.2164
18918,0.2241
18919,0.2039
18920,0.2170
18921,0.2000
18922,0.1992
18923,0.2344
18924,0.2115
18925,0.1912
18926,0.2078
18927,0.2113
18928,0.1948
18929,0.2079
18930,0.2041
18931,0.2282
18932,0.2524
18933,0.2302
18934,0.2046
18935,0.2031
18936,0.2086
18937,0.2198
18938,0.2291
18939,0.2183
18940,0.2074
18941,0.2249
18942,0.2319
18943,0.2232
18944,0.2224
18945,0.2196
18946,0.2064
18947,0.2125
18948,0.2115
18949,0.2291
18950,0.2189
18951,0.2030
18952,0.2104
18953,0.2001
18954,0.2250
18955,0.2108
18956,0.1977
18957,0.2174
18958,0.2016
18959,0.2136
18960,0.1898
18961,0.2166
18962,0.2003
18963,0.2095
18964,0.2117
18965,0.2026
18966,0.2132
18967,0.2252
18968,0.2013
18969,0.2516
18970,0.2164
18971,0.2302
18972,0.1972
18973,0.2193
18974,0.2093
18975,0.2340
18976,0.1925
18977,0.2197
18978,0.2460
18979,0.1841
18980,0.2128
18981,0.2073
18982,0.1967
18983,0.2113
18984,0.2208
18985,0.1978
18986,0.2238
18987,0.2156
18988,0.2025
18989,0.2109
18990,0.2152
18991,0.2052
18992,0.1871
18993,0.2039
18994,0.2324
18995,0.1995
18996,0.2148
18997,0.2210
18998,0.2269
18999,0.2154
19000,0.2044
19001,0.2280
19002,0.2056
19003,0.2284
19004,0.2117
19005,0.2605
19006,0.2160
19007,0.2148
19008,0.2417
19009,0.2250
19010,0.1994
19011,0.2149
19012,0.2137
19013,0.1906
19014,0.2262
19015,0.2162
19016,0.2203
19017,0.2015
19018,0.2081
19019,0.2257
19020,0.2156
19021,0.2109
19022,0.2256
19023,0.1866
19024,0.2092
19025,0.1998
19026,0.1990
19027,0.2341
19028,0.2439
19029,0.2198
19030,0.2212
19031,0.2033
19032,0.2099
19033,0.2042
19034,0.2192
19035,0.2083
19036,0.2127
19037,0.2294
19038,0.1937
19039,0.2228
19040,0.2326
19041,0.1987
19042,0.2334
19043,0.2008
19044,0.2039
19045,0.1909
19046,0.2110
19047,0.2112
19048,0.2283
19049,0.2263
19050,0.2167
19051,0.2057
19052,0.1992
19053,0.1998
19054,0.2024
19055,0.2218
19056,0.2153
19057,0.2298
19058,0.2075
19059,0.2106
19060,0.2020
19061,0.2070
19062,0.2245
19063,0.2071
19064,0.2241
19065,0.2086
19066,0.2112
19067,0.2200
19068,0.2266
19069,0.2074
19070,0.2104
19071,0.2069
19072,0.1997
19073,0.2091
19074,0.2161
19075,0.2170
19076,0.2045
19077,0.2008
19078,0.2040
19079,0.2211
19080,0.1925
19081,0.1981
19082,0.2082
19083,0.1929
19084,0.2403
19085,0.1993
19086,0.2127
19087,0.1926
19088,0.2061
19089,0.1746
19090,0.1959
19091,0.2267
19092,0.2230
19093,0.2167
19094,0.2295
19095,0.2182
19096,0.2013
19097,0.2183
19098,0.2387
19099,0.2105
19100,0.2020
19101,0.1857
19102,0.1967
19103,0.2006
19104,0.2154
19105,0.2170
19106,0.1933
19107,0.2061
19108,0.2125
19109,0.2092
19110,0.2015
19111,0.2397
19112,0.2254
19113,0.1838
19114,0.1883
19115,0.2076
19116,0.2192
19117,0.2342
19118,0.1912
19119,0.1924
19120,0.2326
19121,0.2175
19122,0.2177
19123,0.2078
19124,0.2390
19125,0.2041
19126,0.2120
19127,0.2061
19128,0.2338
19129,0.1932
19130,0.2142
19131,0.2076
19132,0.2082
19133,0.2069
19134,0.2152
19135,0.1992
19136,0.2094
19137,0.1851
19138,0.2251
19139,0.2265
19140,0.1812
19141,0.2105
19142,0.2154
19143,0.2183
19144,0.2127
19145,0.2083
19146,0.2194
19147,0.1974
19148,0.2151
19149,0.2040
19150,0.2038
19151,0.1895
19152,0.2000
19153,0.2087
19154,0.2098
19155,0.2113
19156,0.2123
19157,0.2255
19158,0.1982
19159,0.2034
19160,0.2159
19161,0.2345
19162,0.1988
19163,0.1776
19164,0.1969
19165,0.2150
19166,0.1954
19167,0.2047
19168,0.2230
19169,0.2004
19170,0.2280
19171,0.2112
19172,0.2125
19173,0.2026
19174,0.2163
19175,0.2336
19176,0.2146
19177,0.1890
19178,0.2170
19179,0.2082
19180,0.1961
19181,0.2016
19182,0.2113
19183,0.2315
19184,0.2069
19185,0.2187
19186,0.2008
19187,0.2218
19188,0.2138
19189,0.1978
19190,0.1864
19191,0.2144
19192,0.1964
19193,0.2013
19194,0.2026
19195,0.2130
19196,0.2078
19197,0.2033
19198,0.2233
19199,0.2151
19200,0.2171
19201,0.1931
19202,0.2137
19203,0.2175
19204,0.1991
19205,0.1999
19206,0.1976
19207,0.1911
19208,0.1917
19209,0.2270
19210,0.2130
19211,0.1776
19212,0.1867
19213,0.1972
19214,0.1983
19215,0.2130
19216,0.2198
19217,0.1950
19218,0.1959
19219,0.2289
19220,0.2044
19221,0.2266
19222,0.1904
19223,0.1789
19224,0.2322
19225,0.2010
19226,0.2213
19227,0.2025
19228,0.2361
19229,0.2165
19230,0.2048
19231,0.2089
19232,0.1991
19233,0.1981
19234,0.1897
19235,0.2304
19236,0.1990
19237,0.2325
19238,0.2061
19239,0.2163
19240,0.2217
19241,0.2215
19242,0.2003
19243,0.1934
19244,0.2157
19245,0.2048
19246,0.2077
19247,0.1900
19248,0.2180
19249,0.2193
19250,0.1990
19251,0.2259
19252,0.2223
19253,0.2089
19254,0.2273
19255,0.2152
19256,0.2254
19257,0.2011
19258,0.1812
19259,0.2035
19260,0.2095
19261,0.2033
19262,0.2246
19263,0.2196
19264,0.2088
19265,0.2204
19266,0.2069
19267,0.1891
19268,0.2151
19269,0.2114
19270,0.2265
19271,0.1959
19272,0.2170
19273,0.2237
19274,0.2060
19275,0.2084
19276,0.2042
19277,0.1975
19278,0.2009
19279,0.1912
19280,0.1891
19281,0.1937
19282,0.2340
19283,0.2259
19284,0.2115
19285,0.2120
19286,0.2268
19287,0.2150
19288,0.2105
19289,0.2276
19290,0.2103
19291,0.1972
19292,0.2172
19293,0.2085
19294,0.1995
19295,0.2146
19296,0.1922
19297,0.2352
19298,0.2050
19299,0.2085
19300,0.1873
19301,0.2026
19302,0.2175
19303,0.1994
19304,0.2126
19305,0.2040
19306,0.2050
19307,0.2203
19308,0.2382
19309,0.2085
19310,0.1910
19311,0.2040
19312,0.2074
19313,0.2077
19314,0.2105
19315,0.1972
19316,0.2136
19317,0.2204
19318,0.1989
19319,0.1990
19320,0.2195
19321,0.2025
19322,0.2004
19323,0.2007
19324,0.2214
19325,0.2005
19326,0.2089
19327,0.2180
19328,0.2000
19329,0.2241
19330,0.2082
19331,0.2006
19332,0.2028
19333,0.2023
19334,0.2344
19335,0.1952
19336,0.2004
19337,0.2003
19338,0.1782
19339,0.2164
19340,0.2106
19341,0.2075
19342,0.1966
19343,0.2217
19344,0.2159
19345,0.2104
19346,0.2100
19347,0.2042
19348,0.2022
19349,0.1963
19350,0.2013
19351,0.2040
19352,0.2323
19353,0.2360
19354,0.2254
19355,0.1937
19356,0.2287
19357,0.2040
19358,0.2011
19359,0.2021
19360,0.2086
19361,0.2086
19362,0.2032
19363,0.2252
19364,0.2131
19365,0.2175
19366,0.2185
19367,0.2065
19368,0.2176
19369,0.1895
19370,0.2162
19371,0.1971
19372,0.2462
19373,0.2244
19374,0.2189
19375,0.2090
19376,0.2074
19377,0.1874
19378,0.2025
19379,0.2364
19380,0.2185
19381,0.2051
19382,0.2108
19383,0.2104
19384,0.2214
19385,0.2244
19386,0.2325
19387,0.2320
19388,0.2261
19389,0.2075
19390,0.2096
19391,0.2300
19392,0.2306
19393,0.2288
19394,0.2017
19395,0.2097
19396,0.2175
19397,0.2237
19398,0.2086
19399,0.2192
19400,0.2114
19401,0.2119
19402,0.2199
19403,0.1911
19404,0.2011
19405,0.2260
19406,0.2101
19407,0.2007
19408,0.2193
19409,0.2219
19410,0.2122
19411,0.2045
19412,0.1959
19413,0.1905
19414,0.1902
19415,0.2522
19416,0.1908
19417,0.2341
19418,0.1923
19419,0.1925
19420,0.2034
19421,0.2107
19422,0.1955
19423,0.1986
19424,0.2185
19425,0.1900
19426,0.2073
19427,0.2092
19428,0.1964
19429,0.2210
19430,0.2059
19431,0.2280
19432,0.2008
19433,0.2184
19434,0.2035
19435,0.2174
19436,0.2060
19437,0.2019
19438,0.2141
19439,0.2305
19440,0.2033
19441,0.2238
19442,0.1913
19443,0.2101
19444,0.2147
19445,0.2106
19446,0.2184
19447,0.2007
19448,0.2110
19449,0.2135
19450,0.2191
19451,0.2238
19452,0.2140
19453,0.2096
19454,0.2147
19455,0.1851
19456,0.1906
19457,0.2138
19458,0.2073
19459,0.2137
19460,0.2007
19461,0.2109
19462,0.2172
19463,0.1998
19464,0.2223
19465,0.2023
19466,0.2057
19467,0.2286
19468,0.2034
19469,0.2082
19470,0.2015
19471,0.2278
19472,0.1973
19473,0.2183
19474,0.2204
19475,0.2218
19476,0.2118
19477,0.2096
19478,0.1914
19479,0.2056
19480,0.2107
19481,0.1867
19482,0.2014
19483,0.1970
19484,0.2208
19485,0.2293
19486,0.2245
19487,0.2181
19488,0.2389
19489,0.2344
19490,0.2194
19491,0.2210
19492,0.2244
19493,0.2052
19494,0.2103
19495,0.2050
19496,0.1773
19497,0.2040
19498,0.2188
19499,0.2216
19500,0.1896
19501,0.1890
19502,0.2008
19503,0.2045
19504,0.1936
19505,0.1900
19506,0.2055
19507,0.2025
19508,0.2138
19509,0.2017
19510,0.1984
19511,0.1929
19512,0.2229
19513,0.1995
19514,0.2199
19515,0.2064
19516,0.2250
19517,0.2066
19518,0.2228
19519,0.2130
19520,0.1899
19521,0.2094
19522,0.1963
19523,0.2149
19524,0.2295
19525,0.2351
19526,0.1991
19527,0.2025
19528,0.1990
19529,0.2200
19530,0.2110
19531,0.1870
19532,0.2153
19533,0.2194
19534,0.2179
19535,0.2378
19536,0.1953
19537,0.2335
19538,0.1915
19539,0.2081
19540,0.2132
19541,0.2033
19542,0.2097
19543,0.2192
19544,0.2160
19545,0.2230
19546,0.2037
19547,0.2204
19548,0.2209
19549,0.1991
19550,0.1915
19551,0.2070
19552,0.2188
19553,0.1799
19554,0.2137
19555,0.2001
19556,0.2081
19557,0.2086
19558,0.2002
19559,0.1874
19560,0.2119
19561,0.2068
19562,0.2127
19563,0.1966
19564,0.1987
19565,0.1995
19566,0.2062
19567,0.2046
19568,0.1881
19569,0.2087
19570,0.2426
19571,0.1990
19572,0.2283
19573,0.2069
19574,0.2008
19575,0.1905
19576,0.2006
19577,0.2160
19578,0.1947
19579,0.2173
19580,0.2026
19581,0.2419
19582,0.2028
19583,0.1945
19584,0.2020
19585,0.2141
19586,0.2042
19587,0.2106
19588,0.2109
19589,0.2166
19590,0.1926
19591,0.2105
19592,0.2133
19593,0.2577
19594,0.1999
19595,0.2320
19596,0.2006
19597,0.2370
19598,0.2114
19599,0.1989
19600,0.2232
19601,0.1973
19602,0.1919
19603,0.2119
19604,0.2063
19605,0.1909
19606,0.2018
19607,0.2182
19608,0.1909
19609,0.2040
19610,0.2092
19611,0.2118
19612,0.2198
19613,0.2002
19614,0.2009
19615,0.2217
19616,0.2189
19617,0.1977
19618,0.2220
19619,0.2245
19620,0.1994
19621,0.1891
19622,0.2178
19623,0.1715
19624,0.2100
19625,0.2029
19626,0.2167
19627,0.2153
19628,0.2081
19629,0.2035
19630,0.2017
19631,0.1929
19632,0.2140
19633,0.2196
19634,0.1907
19635,0.2128
19636,0.1893
19637,0.1980
19638,0.2097
19639,0.2179
19640,0.1908
19641,0.2122
19642,0.2159
19643,0.1992
19644,0.1930
19645,0.2107
19646,0.2147
19647,0.2459
19648,0.2189
19649,0.2205
19650,0.2152
19651,0.2278
19652,0.2002
19653,0.2161
19654,0.2215
19655,0.2060
19656,0.1925
19657,0.2007
19658,0.1998
19659,0.1721
19660,0.2116
19661,0.2107
19662,0.2047
19663,0.2164
19664,0.1881
19665,0.2101
19666,0.2095
19667,0.1978
19668,0.2231
19669,0.2088
19670,0.1961
19671,0.2138
19672,0.1900
19673,0.1943
19674,0.1902
19675,0.2005
19676,0.1966
19677,0.2037
19678,0.2031
19679,0.1801
19680,0.2085
19681,0.2089
19682,0.2077
19683,0.2220
19684,0.2159
19685,0.2341
19686,0.2004
19687,0.2062
19688,0.2224
19689,0.2020
19690,0.2146
19691,0.2146
19692,0.2232
19693,0.2028
19694,0.2191
19695,0.2184
19696,0.2262
19697,0.2191
19698,0.2063
19699,0.2077
19700,0.2147
19701,0.1977
19702,0.1917
19703,0.2075
19704,0.1973
19705,0.2169
19706,0.1867
19707,0.2129
19708,0.2109
19709,0.1901
19710,0.2037
19711,0.1941
19712,0.2320
19713,0.1909
19714,0.2038
19715,0.2361
19716,0.1955
19717,0.1844
19718,0.2054
19719,0.2010
19720,0.2158
19721,0.2011
19722,0.2064
19723,0.2077
19724,0.1965
19725,0.1875
19726,0.2255
19727,0.1853
19728,0.2056
19729,0.1839
19730,0.1829
19731,0.2265
19732,0.1987
19733,0.1814
19734,0.1801
19735,0.2296
19736,0.1993
19737,0.2161
19738,0.1983
19739,0.2018
19740,0.1995
19741,0.2129
19742,0.2247
19743,0.1963
19744,0.1950
19745,0.2306
19746,0.2215
19747,0.1913
19748,0.2151
19749,0.1968
19750,0.1876
19751,0.1927
19752,0.2051
19753,0.1933
19754,0.2051
19755,0.1992
19756,0.2166
19757,0.2195
19758,0.1866
19759,0.1931
19760,0.2120
19761,0.2011
19762,0.2250
19763,0.2137
19764,0.2125
19765,0.2163
19766,0.2075
19767,0.2147
19768,0.2265
19769,0.1938
19770,0.2312
19771,0.1950
19772,0.1842
19773,0.2086
19774,0.2068
19775,0.2140
19776,0.2033
19777,0.2007
19778,0.2173
19779,0.1924
19780,0.2049
19781,0.2202
19782,0.2057
19783,0.2083
19784,0.2112
19785,0.2084
19786,0.2235
19787,0.2010
19788,0.1648
19789,0.1880
19790,0.1829
19791,0.2188
19792,0.2139
19793,0.2154
19794,0.1883
19795,0.2400
19796,0.1909
19797,0.2144
19798,0.2047
19799,0.2038
19800,0.2035
19801,0.1865
19802,0.2103
19803,0.2060
19804,0.2193
19805,0.2051
19806,0.2032
19807,0.2030
19808,0.2171
19809,0.2061
19810,0.2132
19811,0.2235
19812,0.1973
19813,0.1954
19814,0.2055
19815,0.1894
19816,0.2100
19817,0.2114
19818,0.2113
19819,0.2156
19820,0.1938
19821,0.2206
19822,0.2295
19823,0.2262
19824,0.1978
19825,0.2262
19826,0.1890
19827,0.2122
19828,0.1999
19829,0.2065
19830,0.1979
19831,0.1919
19832,0.1861
19833,0.2020
19834,0.1967
19835,0.2022
19836,0.2035
19837,0.2188
19838,0.1824
19839,0.2010
19840,0.2131
19841,0.1932
19842,0.1928
19843,0.2162
19844,0.2102
19845,0.1772
19846,0.1997
19847,0.2295
19848,0.2117
19849,0.2242
19850,0.2017
19851,0.2060
19852,0.1931
19853,0.2048
19854,0.2344
19855,0.2095
19856,0.2304
19857,0.1954
19858,0.2017
19859,0.1999
19860,0.2018
19861,0.2020
19862,0.2180
19863,0.2202
19864,0.1914
19865,0.2151
19866,0.1994
19867,0.1830
19868,0.2015
19869,0.2219
19870,0.1996
19871,0.2149
19872,0.1887
19873,0.1945
19874,0.1921
19875,0.1771
19876,0.1849
19877,0.2058
19878,0.1859
19879,0.1810
19880,0.1992
19881,0.2436
19882,0.2150
19883,0.2145
19884,0.2030
19885,0.2373
19886,0.2054
19887,0.1996
19888,0.1933
19889,0.1860
19890,0.2118
19891,0.2099
19892,0.2021
19893,0.2113
19894,0.1901
19895,0.2034
19896,0.1975
19897,0.1999
19898,0.2046
19899,0.2015
19900,0.2149
19901,0.2024
19902,0.1963
19903,0.2079
19904,0.2044
19905,0.1996
19906,0.2227
19907,0.1940
19908,0.2022
19909,0.2076
19910,0.2194
19911,0.2177
19912,0.2037
19913,0.1977
19914,0.2213
19915,0.2023
19916,0.2043
19917,0.1931
19918,0.2116
19919,0.2087
19920,0.1945
19921,0.2085
19922,0.2093
19923,0.2031
19924,0.2071
19925,0.2099
19926,0.1988
19927,0.2309
19928,0.2034
19929,0.2119
19930,0.2150
19931,0.2231
19932,0.2129
19933,0.2012
19934,0.1955
19935,0.2241
19936,0.2159
19937,0.2098
19938,0.2160
19939,0.1925
19940,0.2082
19941,0.2033
19942,0.2552
19943,0.1936
19944,0.2079
19945,0.1896
19946,0.2068
19947,0.2132
19948,0.1991
19949,0.1893
19950,0.2001
19951,0.2010
19952,0.2051
19953,0.1750
19954,0.2072
19955,0.2198
19956,0.2252
19957,0.1928
19958,0.1943
19959,0.2022
19960,0.2031
19961,0.1945
19962,0.2173
19963,0.2153
19964,0.2185
19965,0.2299
19966,0.1949
19967,0.2051
19968,0.2185
19969,0.2200
19970,0.1930
19971,0.1984
19972,0.2050
19973,0.2199
19974,0.2225
19975,0.1917
19976,0.2139
19977,0.2047
19978,0.2145
19979,0.2206
19980,0.2002
19981,0.2044
19982,0.2159
19983,0.1987
19984,0.2272
19985,0.1756
19986,0.2026
19987,0.2012
19988,0.1809
19989,0.2036
19990,0.2323
19991,0.2270
19992,0.2372
19993,0.1945
19994,0.2042
19995,0.2314
19996,0.1971
19997,0.2087
19998,0.2038
19999,0.1991
